Step,Time,Positions_1,Positions_2,Positions_3,Positions_4,Action1,Action2,Value1,Value2,Next_positions_1,Next_positions_2,Next_positions_3,Next_positions_4,Reward1,Reward2,Terminated
0.0,0.0,0.6,0.73,0.09,0.87,-0.06,-0.33,82.38,-84.51,0.63,0.73,0.1,0.87,1.0,-1.0,0.0
1.0,0.01,0.63,0.73,0.1,0.87,-0.18,-0.45,82.77,-84.86,0.66,0.72,0.11,0.86,1.0,-1.0,0.0
2.0,0.02,0.66,0.72,0.11,0.86,-0.2,-0.5,82.66,-84.73,0.69,0.72,0.12,0.86,1.0,-1.0,0.0
3.0,0.03,0.69,0.72,0.12,0.86,-0.34,-0.5,82.36,-84.29,0.72,0.71,0.13,0.86,1.0,-1.0,0.0
4.0,0.04,0.72,0.71,0.13,0.86,-0.29,-0.51,81.41,-83.46,0.75,0.7,0.14,0.85,1.0,-1.0,0.0
5.0,0.05,0.75,0.7,0.14,0.85,-0.48,-0.5,80.8,-82.65,0.78,0.69,0.15,0.85,1.0,-1.0,0.0
6.0,0.06,0.78,0.69,0.15,0.85,-0.35,-0.53,79.67,-81.83,0.8,0.67,0.16,0.84,1.0,-1.0,0.0
7.0,0.07,0.8,0.67,0.16,0.84,-0.56,-0.51,79.27,-81.34,0.83,0.66,0.17,0.84,1.0,-1.0,0.0
8.0,0.08,0.83,0.66,0.17,0.84,-0.38,-0.54,78.95,-81.2,0.86,0.65,0.17,0.83,1.0,-1.0,0.0
9.0,0.09,0.86,0.65,0.17,0.83,-0.57,-0.52,78.85,-81.23,0.88,0.63,0.18,0.83,1.0,-1.0,0.0
10.0,0.1,0.88,0.63,0.18,0.83,-0.39,-0.53,79.22,-81.43,0.91,0.62,0.19,0.82,1.0,-1.0,0.0
11.0,0.11,0.91,0.62,0.19,0.82,-0.52,-0.51,79.03,-81.36,0.94,0.61,0.2,0.82,1.0,-1.0,0.0
12.0,0.12,0.94,0.61,0.2,0.82,-0.38,-0.52,79.05,-80.99,0.96,0.59,0.21,0.81,1.0,-1.0,0.0
13.0,0.13,0.96,0.59,0.21,0.81,-0.44,-0.5,78.49,-80.28,0.99,0.58,0.22,0.81,1.0,-1.0,0.0
14.0,0.14,0.99,0.58,0.22,0.81,-0.35,-0.49,77.9,-79.29,1.0,0.57,0.23,0.8,1.0,-1.0,0.0
15.0,0.15,1.0,0.57,0.23,0.8,-0.3,-0.51,76.9,-78.14,1.0,0.56,0.23,0.8,1.0,-1.0,0.0
16.0,0.16,1.0,0.56,0.23,0.8,-0.23,-0.54,75.97,-77.07,1.0,0.56,0.24,0.79,1.0,-1.0,0.0
17.0,0.17,1.0,0.56,0.24,0.79,-0.19,-0.56,75.17,-76.1,1.0,0.55,0.25,0.79,1.0,-1.0,0.0
18.0,0.18,1.0,0.55,0.25,0.79,-0.16,-0.58,74.48,-75.22,1.0,0.54,0.26,0.78,1.0,-1.0,0.0
19.0,0.19,1.0,0.54,0.26,0.78,-0.14,-0.6,73.84,-74.39,1.0,0.54,0.27,0.77,1.0,-1.0,0.0
20.0,0.2,1.0,0.54,0.27,0.77,-0.12,-0.61,73.25,-73.59,1.0,0.54,0.28,0.77,1.0,-1.0,0.0
21.0,0.21,1.0,0.54,0.28,0.77,-0.1,-0.63,72.69,-72.81,1.0,0.53,0.28,0.76,1.0,-1.0,0.0
22.0,0.22,1.0,0.53,0.28,0.76,-0.09,-0.64,72.14,-72.04,1.0,0.53,0.29,0.76,1.0,-1.0,0.0
23.0,0.23,1.0,0.53,0.29,0.76,-0.09,-0.65,71.59,-71.3,1.0,0.53,0.3,0.75,1.0,-1.0,0.0
24.0,0.24,1.0,0.53,0.3,0.75,-0.09,-0.66,71.04,-70.56,1.0,0.53,0.31,0.74,1.0,-1.0,0.0
25.0,0.25,1.0,0.53,0.31,0.74,-0.08,-0.67,70.49,-69.85,1.0,0.52,0.32,0.74,1.0,-1.0,0.0
26.0,0.26,1.0,0.52,0.32,0.74,-0.08,-0.67,69.93,-69.15,1.0,0.52,0.32,0.73,1.0,-1.0,0.0
27.0,0.27,1.0,0.52,0.32,0.73,-0.08,-0.68,69.36,-68.47,1.0,0.52,0.33,0.73,1.0,-1.0,0.0
28.0,0.28,1.0,0.52,0.33,0.73,-0.08,-0.68,68.78,-67.81,1.0,0.52,0.34,0.72,1.0,-1.0,0.0
29.0,0.29,1.0,0.52,0.34,0.72,-0.08,-0.69,68.19,-67.17,1.0,0.51,0.35,0.71,1.0,-1.0,0.0
30.0,0.3,1.0,0.51,0.35,0.71,-0.08,-0.69,67.58,-66.54,1.0,0.51,0.36,0.71,1.0,-1.0,0.0
31.0,0.31,1.0,0.51,0.36,0.71,-0.08,-0.69,66.97,-65.93,1.0,0.51,0.36,0.7,1.0,-1.0,0.0
32.0,0.32,1.0,0.51,0.36,0.7,-0.08,-0.7,66.34,-65.32,1.0,0.51,0.37,0.69,1.0,-1.0,0.0
33.0,0.33,1.0,0.51,0.37,0.69,-0.07,-0.7,65.7,-64.72,1.0,0.5,0.38,0.69,1.0,-1.0,0.0
34.0,0.34,1.0,0.5,0.38,0.69,-0.07,-0.7,65.05,-64.12,1.0,0.5,0.39,0.68,1.0,-1.0,0.0
35.0,0.35,1.0,0.5,0.39,0.68,-0.07,-0.7,64.38,-63.52,1.0,0.5,0.39,0.67,1.0,-1.0,0.0
36.0,0.36,1.0,0.5,0.39,0.67,-0.06,-0.7,63.7,-62.91,1.0,0.5,0.4,0.67,1.0,-1.0,0.0
37.0,0.37,1.0,0.5,0.4,0.67,-0.06,-0.7,63.0,-62.28,1.0,0.5,0.41,0.66,1.0,-1.0,0.0
38.0,0.38,1.0,0.5,0.41,0.66,-0.05,-0.7,62.29,-61.64,1.0,0.5,0.42,0.66,1.0,-1.0,0.0
39.0,0.39,1.0,0.5,0.42,0.66,-0.05,-0.69,61.56,-60.98,1.0,0.49,0.42,0.65,1.0,-1.0,0.0
40.0,0.4,1.0,0.49,0.42,0.65,-0.04,-0.69,60.81,-60.29,1.0,0.49,0.43,0.64,1.0,-1.0,0.0
41.0,0.41,1.0,0.49,0.43,0.64,-0.04,-0.69,60.05,-59.58,1.0,0.49,0.44,0.64,1.0,-1.0,0.0
42.0,0.42,1.0,0.49,0.44,0.64,-0.03,-0.68,59.27,-58.83,1.0,0.49,0.45,0.63,1.0,-1.0,0.0
43.0,0.43,1.0,0.49,0.45,0.63,-0.03,-0.68,58.49,-58.07,1.0,0.49,0.46,0.62,1.0,-1.0,0.0
44.0,0.44,1.0,0.49,0.46,0.62,-0.03,-0.67,57.7,-57.29,1.0,0.49,0.46,0.62,1.0,-1.0,0.0
45.0,0.45,1.0,0.49,0.46,0.62,-0.03,-0.67,56.91,-56.5,1.0,0.49,0.47,0.61,1.0,-1.0,0.0
46.0,0.46,1.0,0.49,0.47,0.61,-0.03,-0.66,56.14,-55.71,1.0,0.49,0.48,0.61,1.0,-1.0,0.0
47.0,0.47,1.0,0.49,0.48,0.61,-0.04,-0.65,55.38,-54.93,1.0,0.49,0.49,0.6,1.0,-1.0,0.0
48.0,0.48,1.0,0.49,0.49,0.6,-0.04,-0.65,54.64,-54.17,1.0,0.48,0.49,0.59,1.0,-1.0,0.0
49.0,0.49,1.0,0.48,0.49,0.59,-0.05,-0.64,53.92,-53.44,1.0,0.48,0.5,0.59,1.0,-1.0,0.0
50.0,0.5,1.0,0.48,0.5,0.59,-0.06,-0.63,53.2,-52.73,1.0,0.48,0.51,0.58,1.0,-1.0,0.0
51.0,0.51,1.0,0.48,0.51,0.58,-0.07,-0.62,52.49,-52.04,1.0,0.48,0.52,0.58,1.0,-1.0,0.0
52.0,0.52,1.0,0.48,0.52,0.58,-0.08,-0.62,51.77,-51.37,1.0,0.48,0.53,0.57,1.0,-1.0,0.0
53.0,0.53,1.0,0.48,0.53,0.57,-0.09,-0.61,51.03,-50.7,1.0,0.47,0.54,0.56,1.0,-1.0,0.0
54.0,0.54,1.0,0.47,0.54,0.56,-0.1,-0.61,50.27,-50.04,1.0,0.47,0.54,0.56,1.0,-1.0,0.0
55.0,0.55,1.0,0.47,0.54,0.56,-0.11,-0.6,49.48,-49.37,1.0,0.47,0.55,0.55,1.0,-1.0,0.0
56.0,0.56,1.0,0.47,0.55,0.55,-0.12,-0.6,48.66,-48.7,1.0,0.46,0.56,0.55,1.0,-1.0,0.0
57.0,0.57,1.0,0.46,0.56,0.55,-0.14,-0.6,47.8,-48.02,1.0,0.46,0.57,0.54,1.0,-1.0,0.0
58.0,0.58,1.0,0.46,0.57,0.54,-0.16,-0.6,46.91,-47.33,1.0,0.46,0.58,0.54,1.0,-1.0,0.0
59.0,0.59,1.0,0.46,0.58,0.54,-0.19,-0.6,45.99,-46.65,1.0,0.45,0.58,0.53,1.0,-1.0,0.0
60.0,0.6,1.0,0.45,0.58,0.53,-0.21,-0.6,45.07,-45.97,1.0,0.44,0.59,0.52,1.0,-1.0,0.0
61.0,0.61,1.0,0.44,0.59,0.52,-0.24,-0.6,44.2,-45.32,1.0,0.44,0.6,0.52,1.0,-1.0,0.0
62.0,0.62,1.0,0.44,0.6,0.52,-0.28,-0.61,43.44,-44.7,1.0,0.43,0.61,0.51,1.0,-1.0,0.0
63.0,0.63,1.0,0.43,0.61,0.51,-0.32,-0.61,42.94,-44.13,1.0,0.42,0.62,0.51,1.0,-1.0,0.0
64.0,0.64,1.0,0.42,0.62,0.51,-0.37,-0.62,42.8,-43.58,1.0,0.41,0.63,0.5,1.0,-1.0,0.0
65.0,0.65,1.0,0.41,0.63,0.5,-0.42,-0.64,43.02,-42.99,1.0,0.4,0.63,0.5,1.0,-1.0,0.0
66.0,0.66,1.0,0.4,0.63,0.5,-0.48,-0.66,43.34,-42.22,1.0,0.38,0.64,0.49,1.0,-1.0,0.0
67.0,0.67,1.0,0.38,0.64,0.49,-0.55,-0.69,43.14,-41.1,1.0,0.37,0.65,0.48,1.0,-1.0,0.0
68.0,0.68,1.0,0.37,0.65,0.48,-0.63,-0.74,41.86,-39.65,1.0,0.35,0.66,0.48,1.0,-1.0,0.0
69.0,0.69,1.0,0.35,0.66,0.48,-0.72,-0.81,39.65,-38.2,1.0,0.33,0.66,0.47,1.0,-1.0,0.0
70.0,0.7,1.0,0.33,0.66,0.47,-0.82,-0.89,37.4,-37.12,1.0,0.31,0.67,0.46,1.0,-1.0,0.0
71.0,0.71,1.0,0.31,0.67,0.46,-0.92,-1.0,36.03,-36.36,1.0,0.28,0.68,0.45,1.0,-1.0,0.0
72.0,0.72,1.0,0.28,0.68,0.45,-1.03,-1.14,35.32,-35.58,1.0,0.26,0.68,0.44,1.0,-1.0,0.0
73.0,0.73,1.0,0.26,0.68,0.44,-1.14,-1.28,34.34,-34.7,1.0,0.23,0.68,0.43,1.0,-1.0,0.0
74.0,0.74,1.0,0.23,0.68,0.43,-1.24,-1.43,32.9,-33.91,1.0,0.2,0.68,0.42,1.0,-1.0,0.0
75.0,0.75,1.0,0.2,0.68,0.42,-1.33,-1.55,31.61,-33.1,1.0,0.17,0.68,0.41,1.0,-1.0,0.0
76.0,0.76,1.0,0.17,0.68,0.41,-1.41,-1.65,30.88,-32.1,1.0,0.14,0.68,0.4,1.0,-1.0,0.0
77.0,0.77,1.0,0.14,0.68,0.4,-1.49,-1.71,30.63,-31.08,1.0,0.11,0.68,0.39,1.0,-1.0,0.0
78.0,0.78,1.0,0.11,0.68,0.39,-1.57,-1.74,30.53,-30.37,1.0,0.08,0.68,0.38,1.0,-1.0,0.0
79.0,0.79,1.0,0.08,0.68,0.38,-1.69,-1.75,30.38,-29.98,1.0,0.05,0.68,0.37,1.0,-1.0,0.0
80.0,0.8,1.0,0.05,0.68,0.37,-1.88,-1.77,29.79,-29.48,0.99,0.02,0.68,0.36,1.0,-1.0,0.0
81.0,0.81,0.99,0.02,0.68,0.36,-2.17,-1.8,28.46,-28.42,0.97,0.0,0.67,0.36,1.0,-1.0,0.0
82.0,0.82,0.97,0.0,0.67,0.36,-2.64,-1.91,26.82,-26.95,0.94,0.0,0.67,0.35,1.0,-1.0,0.0
83.0,0.83,0.94,0.0,0.67,0.35,-3.09,-2.21,26.1,-26.25,0.91,0.0,0.66,0.34,1.0,-1.0,0.0
84.0,0.84,0.91,0.0,0.66,0.34,-3.36,-2.63,25.36,-25.96,0.88,0.0,0.66,0.33,1.0,-1.0,0.0
85.0,0.85,0.88,0.0,0.66,0.33,-3.3,-2.78,24.65,-25.52,0.85,0.0,0.65,0.33,1.0,-1.0,0.0
86.0,0.86,0.85,0.0,0.65,0.33,-3.15,-2.86,24.67,-24.79,0.82,0.0,0.64,0.33,1.0,-1.0,0.0
87.0,0.87,0.82,0.0,0.64,0.33,-2.97,-2.94,25.07,-23.86,0.79,0.0,0.63,0.32,1.0,-1.0,0.0
88.0,0.88,0.79,0.0,0.63,0.32,-2.64,-2.81,25.41,-22.97,0.77,0.0,0.62,0.32,1.0,-1.0,0.0
89.0,0.89,0.77,0.0,0.62,0.32,-2.06,-2.43,25.16,-22.12,0.75,0.0,0.61,0.31,1.0,-1.0,0.0
90.0,0.9,0.75,0.0,0.61,0.31,-1.24,-1.81,22.78,-21.56,0.76,0.0,0.61,0.31,1.0,-1.0,0.0
91.0,0.91,0.76,0.0,0.61,0.31,-1.03,-1.28,18.14,-21.01,0.78,0.0,0.61,0.3,1.0,-1.0,0.0
92.0,0.92,0.78,0.0,0.61,0.3,-1.25,-1.17,16.44,-19.74,0.79,0.0,0.61,0.29,1.0,-1.0,0.0
93.0,0.93,0.79,0.0,0.61,0.29,-1.44,-1.2,15.37,-18.51,0.79,0.0,0.62,0.28,1.0,-1.0,0.0
94.0,0.94,0.79,0.0,0.62,0.28,-1.59,-1.23,14.87,-17.62,0.79,0.0,0.62,0.27,1.0,-1.0,0.0
95.0,0.95,0.79,0.0,0.62,0.27,-1.75,-1.27,15.19,-17.46,0.79,0.0,0.62,0.26,1.0,-1.0,0.0
96.0,0.96,0.79,0.0,0.62,0.26,-1.92,-1.33,16.58,-18.04,0.78,0.0,0.63,0.25,1.0,-1.0,0.0
97.0,0.97,0.78,0.0,0.63,0.25,-2.17,-1.44,19.37,-19.01,0.76,0.0,0.63,0.24,1.0,-1.0,0.0
98.0,0.98,0.76,0.0,0.63,0.24,-2.65,-1.7,23.42,-17.1,0.73,0.0,0.63,0.23,1.0,-1.0,0.0
99.0,0.99,0.73,0.0,0.63,0.23,-3.7,-2.28,21.2,-9.66,0.7,0.0,0.62,0.22,1.0,-1.0,0.0
100.0,1.0,0.7,0.0,0.62,0.22,-4.58,-2.91,19.83,-12.1,0.67,0.0,0.61,0.22,1.0,-1.0,0.0
101.0,1.01,0.67,0.0,0.61,0.22,-4.75,-3.36,25.34,-19.88,0.64,0.0,0.6,0.22,1.0,-1.0,0.0
102.0,1.02,0.64,0.0,0.6,0.22,-4.84,-3.74,31.14,-27.33,0.61,0.0,0.59,0.22,1.0,-1.0,0.0
103.0,1.03,0.61,0.0,0.59,0.22,-4.9,-3.99,34.85,-31.8,0.58,0.0,0.58,0.22,1.0,-1.0,0.0
104.0,1.04,0.58,0.0,0.58,0.22,-4.97,-4.23,37.91,-34.94,0.55,0.0,0.57,0.22,1.0,-1.0,0.0
105.0,1.05,0.55,0.0,0.57,0.22,-5.07,-4.46,40.47,-36.84,0.52,0.0,0.56,0.22,1.0,-1.0,0.0
106.0,1.06,0.52,0.0,0.56,0.22,-5.2,-4.67,42.49,-37.72,0.49,0.0,0.55,0.22,1.0,-1.0,0.0
107.0,1.07,0.49,0.0,0.55,0.22,-5.38,-4.86,43.85,-37.92,0.46,0.0,0.54,0.22,1.0,-1.0,0.0
108.0,1.08,0.46,0.0,0.54,0.22,-5.59,-5.02,44.51,-37.82,0.43,0.0,0.53,0.22,1.0,-1.0,0.0
109.0,1.09,0.43,0.0,0.53,0.22,-5.82,-5.16,44.51,-37.74,0.4,0.0,0.52,0.22,1.0,-1.0,0.0
110.0,1.1,0.4,0.0,0.52,0.22,-6.04,-5.26,43.97,-37.95,0.37,0.0,0.51,0.22,1.0,-1.0,0.0
111.0,1.11,0.37,0.0,0.51,0.22,-6.21,-5.35,43.02,-38.57,0.34,0.0,0.5,0.22,1.0,-1.0,0.0
112.0,1.12,0.34,0.0,0.5,0.22,-6.31,-5.41,41.8,-39.51,0.31,0.0,0.49,0.22,1.0,-1.0,0.0
113.0,1.13,0.31,0.0,0.49,0.22,-6.34,-5.45,40.42,-40.53,0.28,0.0,0.48,0.22,1.0,-1.0,0.0
114.0,1.14,0.28,0.0,0.48,0.22,-6.29,-5.48,38.95,-41.23,0.25,0.0,0.47,0.22,1.0,-1.0,0.0
115.0,1.15,0.25,0.0,0.47,0.22,-6.15,-5.49,37.42,-41.29,0.22,0.0,0.46,0.22,1.0,-1.0,0.0
116.0,1.16,0.22,0.0,0.46,0.22,-5.91,-5.49,35.84,-40.55,0.19,0.0,0.45,0.22,1.0,-1.0,0.0
117.0,1.17,0.19,0.0,0.45,0.22,-5.56,-5.49,34.24,-39.0,0.16,0.0,0.44,0.22,1.0,-1.0,0.0
118.0,1.18,0.16,0.0,0.44,0.22,-5.1,-5.48,32.47,-36.7,0.13,0.0,0.43,0.22,1.0,-1.0,0.0
119.0,1.19,0.13,0.0,0.43,0.22,-4.52,-5.46,28.6,-33.75,0.1,0.0,0.42,0.22,1.0,-1.0,0.0
120.0,1.2,0.1,0.0,0.42,0.22,-3.84,-5.44,19.07,-30.21,0.07,0.0,0.41,0.22,1.0,-1.0,0.0
121.0,1.21,0.07,0.0,0.41,0.22,-3.11,-5.41,15.39,-26.02,0.04,0.0,0.4,0.22,1.0,-1.0,0.0
122.0,1.22,0.04,0.0,0.4,0.22,-2.31,-5.38,15.58,-21.17,0.02,0.0,0.39,0.22,1.0,-1.0,0.0
123.0,1.23,0.02,0.0,0.39,0.22,1.07,-5.21,17.78,-20.22,0.04,0.03,0.38,0.22,1.0,-1.0,0.0
124.0,1.24,0.04,0.03,0.38,0.22,2.08,-5.14,26.88,-20.77,0.02,0.05,0.37,0.22,1.0,-1.0,0.0
125.0,1.25,0.02,0.05,0.37,0.22,1.68,-5.27,28.7,-24.25,0.02,0.08,0.36,0.22,1.0,-1.0,0.0
126.0,1.26,0.02,0.08,0.36,0.22,1.87,-5.41,33.59,-30.93,0.01,0.11,0.35,0.22,1.0,-1.0,0.0
127.0,1.27,0.01,0.11,0.35,0.22,1.71,-5.48,34.91,-32.35,0.01,0.14,0.34,0.22,1.0,-1.0,0.0
128.0,1.28,0.01,0.14,0.34,0.22,1.73,-5.49,34.16,-38.59,0.0,0.17,0.33,0.22,1.0,-1.0,0.0
129.0,1.29,0.0,0.17,0.33,0.22,1.65,-5.44,37.77,-47.46,0.0,0.2,0.32,0.22,1.0,-1.0,0.0
130.0,1.3,0.0,0.2,0.32,0.22,1.65,-5.31,45.88,-50.98,0.0,0.23,0.31,0.22,1.0,-1.0,0.0
131.0,1.31,0.0,0.23,0.31,0.22,1.66,-5.11,54.25,-49.28,0.0,0.26,0.3,0.22,1.0,-1.0,0.0
132.0,1.32,0.0,0.26,0.3,0.22,1.72,-4.81,56.8,-47.56,0.0,0.29,0.29,0.22,1.0,-1.0,0.0
133.0,1.33,0.0,0.29,0.29,0.22,1.79,-4.35,54.79,-50.29,0.0,0.32,0.28,0.22,1.0,-1.0,0.0
134.0,1.34,0.0,0.32,0.28,0.22,1.84,-3.67,57.12,-53.13,0.0,0.35,0.27,0.22,1.0,-1.0,0.0
135.0,1.35,0.0,0.35,0.27,0.22,1.87,-2.8,57.66,-54.57,0.0,0.38,0.26,0.22,1.0,-1.0,0.0
136.0,1.36,0.0,0.38,0.26,0.22,1.75,-0.96,52.98,-55.45,0.0,0.41,0.27,0.21,1.0,-1.0,0.0
137.0,1.37,0.0,0.41,0.27,0.21,1.21,2.24,50.02,-51.78,0.01,0.43,0.26,0.22,1.0,-1.0,0.0
138.0,1.38,0.01,0.43,0.26,0.22,1.81,2.26,49.77,-46.97,0.0,0.46,0.25,0.22,1.0,-1.0,0.0
139.0,1.39,0.0,0.46,0.25,0.22,1.55,2.07,46.39,-44.3,0.0,0.49,0.25,0.23,1.0,-1.0,0.0
140.0,1.4,0.0,0.49,0.25,0.23,1.6,2.1,43.45,-43.6,0.0,0.52,0.24,0.24,1.0,-1.0,0.0
141.0,1.41,0.0,0.52,0.24,0.24,1.54,2.05,44.02,-44.32,0.0,0.55,0.24,0.25,1.0,-1.0,0.0
142.0,1.42,0.0,0.55,0.24,0.25,1.52,2.02,46.37,-45.71,0.01,0.58,0.24,0.26,1.0,-1.0,0.0
143.0,1.43,0.01,0.58,0.24,0.26,1.5,1.99,49.06,-47.01,0.01,0.61,0.23,0.27,1.0,-1.0,0.0
144.0,1.44,0.01,0.61,0.23,0.27,1.49,1.96,49.75,-47.59,0.01,0.64,0.23,0.28,1.0,-1.0,0.0
145.0,1.45,0.01,0.64,0.23,0.28,1.47,1.92,48.7,-47.32,0.01,0.67,0.22,0.29,1.0,-1.0,0.0
146.0,1.46,0.01,0.67,0.22,0.29,1.46,1.89,46.83,-46.45,0.02,0.7,0.22,0.3,1.0,-1.0,0.0
147.0,1.47,0.02,0.7,0.22,0.3,1.44,1.86,44.88,-45.2,0.02,0.73,0.22,0.31,1.0,-1.0,0.0
148.0,1.48,0.02,0.73,0.22,0.31,1.42,1.83,43.35,-43.68,0.02,0.76,0.22,0.31,1.0,-1.0,0.0
149.0,1.49,0.02,0.76,0.22,0.31,1.39,1.8,42.29,-41.93,0.03,0.79,0.21,0.32,1.0,-1.0,0.0
150.0,1.5,0.03,0.79,0.21,0.32,1.36,1.77,41.29,-39.98,0.04,0.82,0.21,0.33,1.0,-1.0,0.0
151.0,1.51,0.04,0.82,0.21,0.33,1.32,1.74,39.89,-37.95,0.04,0.85,0.21,0.34,1.0,-1.0,0.0
152.0,1.52,0.04,0.85,0.21,0.34,1.27,1.72,38.08,-36.0,0.05,0.88,0.21,0.35,1.0,-1.0,0.0
153.0,1.53,0.05,0.88,0.21,0.35,1.2,1.69,36.2,-34.33,0.06,0.91,0.21,0.36,1.0,-1.0,0.0
154.0,1.54,0.06,0.91,0.21,0.36,1.11,1.66,34.59,-33.07,0.08,0.93,0.21,0.37,1.0,-1.0,0.0
155.0,1.55,0.08,0.93,0.21,0.37,0.97,1.63,33.58,-32.26,0.09,0.96,0.21,0.38,1.0,-1.0,0.0
156.0,1.56,0.09,0.96,0.21,0.38,0.72,1.61,33.59,-31.94,0.12,0.98,0.21,0.39,1.0,-1.0,0.0
157.0,1.57,0.12,0.98,0.21,0.39,0.29,1.59,35.47,-32.16,0.15,0.99,0.21,0.4,1.0,-1.0,0.0
158.0,1.58,0.15,0.99,0.21,0.4,-0.07,1.6,39.02,-32.77,0.18,0.98,0.21,0.41,1.0,-1.0,0.0
159.0,1.59,0.18,0.98,0.21,0.41,-0.02,1.59,40.96,-33.06,0.21,0.98,0.2,0.42,1.0,-1.0,0.0
160.0,1.6,0.21,0.98,0.2,0.42,0.12,1.49,41.82,-33.12,0.24,0.99,0.21,0.43,1.0,-1.0,0.0
161.0,1.61,0.24,0.99,0.21,0.43,0.24,1.37,41.52,-33.06,0.26,0.99,0.21,0.44,1.0,-1.0,0.0
162.0,1.62,0.26,0.99,0.21,0.44,0.3,1.24,39.49,-32.72,0.29,1.0,0.21,0.45,1.0,-1.0,0.0
163.0,1.63,0.29,1.0,0.21,0.45,0.34,1.08,35.63,-32.15,0.32,1.0,0.22,0.46,1.0,-1.0,0.0
164.0,1.64,0.32,1.0,0.22,0.46,0.4,0.9,30.4,-32.2,0.35,1.0,0.22,0.47,1.0,-1.0,0.0
165.0,1.65,0.35,1.0,0.22,0.47,0.44,0.76,25.93,-33.03,0.38,1.0,0.23,0.48,1.0,-1.0,0.0
166.0,1.66,0.38,1.0,0.23,0.48,0.47,0.67,23.08,-33.26,0.4,1.0,0.24,0.48,1.0,-1.0,0.0
167.0,1.67,0.4,1.0,0.24,0.48,0.48,0.64,21.88,-32.35,0.43,1.0,0.25,0.49,1.0,-1.0,0.0
168.0,1.68,0.43,1.0,0.25,0.49,0.49,0.63,21.81,-30.81,0.46,1.0,0.25,0.49,1.0,-1.0,0.0
169.0,1.69,0.46,1.0,0.25,0.49,0.49,0.64,21.98,-28.94,0.48,1.0,0.26,0.5,1.0,-1.0,0.0
170.0,1.7,0.48,1.0,0.26,0.5,0.49,0.66,21.58,-26.58,0.51,1.0,0.27,0.51,1.0,-1.0,0.0
171.0,1.71,0.51,1.0,0.27,0.51,0.48,0.68,20.45,-23.39,0.54,1.0,0.28,0.51,1.0,-1.0,0.0
172.0,1.72,0.54,1.0,0.28,0.51,0.47,0.71,19.03,-19.21,0.56,1.0,0.28,0.52,1.0,-1.0,0.0
173.0,1.73,0.56,1.0,0.28,0.52,0.45,0.73,17.99,-14.91,0.59,1.0,0.29,0.53,1.0,-1.0,0.0
174.0,1.74,0.59,1.0,0.29,0.53,0.42,0.75,17.47,-12.26,0.62,1.0,0.3,0.53,1.0,-1.0,0.0
175.0,1.75,0.62,1.0,0.3,0.53,0.37,0.76,17.02,-12.2,0.64,1.0,0.31,0.54,1.0,-1.0,0.0
176.0,1.76,0.64,1.0,0.31,0.54,0.31,0.76,16.01,-14.07,0.67,1.0,0.31,0.55,1.0,-1.0,0.0
177.0,1.77,0.67,1.0,0.31,0.55,0.21,0.75,14.33,-16.81,0.7,1.0,0.32,0.55,1.0,-1.0,0.0
178.0,1.78,0.7,1.0,0.32,0.55,0.07,0.71,13.07,-19.92,0.73,1.0,0.33,0.56,1.0,-1.0,0.0
179.0,1.79,0.73,1.0,0.33,0.56,-0.15,0.66,12.7,-22.94,0.76,1.0,0.34,0.57,1.0,-1.0,0.0
180.0,1.8,0.76,1.0,0.34,0.57,-0.49,0.59,12.23,-24.43,0.79,0.98,0.34,0.57,1.0,-1.0,0.0
181.0,1.81,0.79,0.98,0.34,0.57,-1.0,0.48,11.19,-21.73,0.8,0.96,0.35,0.58,1.0,-1.0,0.0
182.0,1.82,0.8,0.96,0.35,0.58,-1.56,0.34,10.05,-17.53,0.8,0.93,0.36,0.58,1.0,-1.0,0.0
183.0,1.83,0.8,0.93,0.36,0.58,-1.81,0.14,9.18,-16.36,0.8,0.9,0.37,0.58,1.0,-1.0,0.0
184.0,1.84,0.8,0.9,0.37,0.58,-1.78,-0.11,8.64,-16.75,0.79,0.87,0.38,0.58,1.0,-1.0,0.0
185.0,1.85,0.79,0.87,0.38,0.58,-1.69,-0.32,8.28,-17.05,0.79,0.84,0.39,0.58,1.0,-1.0,0.0
186.0,1.86,0.79,0.84,0.39,0.58,-1.61,-0.46,7.97,-16.61,0.79,0.81,0.4,0.57,1.0,-1.0,0.0
187.0,1.87,0.79,0.81,0.4,0.57,-1.58,-0.55,7.75,-14.96,0.79,0.78,0.41,0.57,1.0,-1.0,0.0
188.0,1.88,0.79,0.78,0.41,0.57,-1.58,-0.61,7.75,-12.13,0.79,0.75,0.42,0.56,1.0,-1.0,0.0
189.0,1.89,0.79,0.75,0.42,0.56,-1.61,-0.67,7.99,-9.12,0.78,0.72,0.43,0.56,1.0,-1.0,0.0
190.0,1.9,0.78,0.72,0.43,0.56,-1.66,-0.71,8.44,-6.71,0.78,0.69,0.43,0.55,1.0,-1.0,0.0
191.0,1.91,0.78,0.69,0.43,0.55,-1.71,-0.77,9.01,-4.12,0.78,0.66,0.44,0.54,1.0,-1.0,0.0
192.0,1.92,0.78,0.66,0.44,0.54,-1.76,-0.83,9.56,-0.17,0.77,0.63,0.45,0.53,1.0,-1.0,0.0
193.0,1.93,0.77,0.63,0.45,0.53,-1.8,-0.89,9.73,4.56,0.77,0.6,0.45,0.53,1.0,-1.0,0.0
194.0,1.94,0.77,0.6,0.45,0.53,-1.83,-0.96,9.14,7.34,0.76,0.57,0.46,0.52,1.0,-1.0,0.0
195.0,1.95,0.76,0.57,0.46,0.52,-1.84,-1.01,8.16,5.97,0.75,0.54,0.46,0.51,1.0,-1.0,0.0
196.0,1.96,0.75,0.54,0.46,0.51,-1.83,-1.04,7.82,1.73,0.74,0.51,0.47,0.5,1.0,-1.0,0.0
197.0,1.97,0.74,0.51,0.47,0.5,-1.81,-1.07,8.45,-1.52,0.73,0.48,0.47,0.49,1.0,-1.0,0.0
198.0,1.98,0.73,0.48,0.47,0.49,-1.78,-1.09,9.14,-2.12,0.73,0.45,0.48,0.48,1.0,-1.0,0.0
199.0,1.99,0.73,0.45,0.48,0.48,-1.73,-1.12,9.0,-1.89,0.72,0.42,0.48,0.47,1.0,-1.0,0.0
200.0,2.0,0.72,0.42,0.48,0.47,-1.68,-1.15,7.86,-1.3,0.72,0.39,0.49,0.47,1.0,-1.0,0.0
201.0,2.01,0.72,0.39,0.49,0.47,-1.65,-1.19,5.68,1.42,0.57,0.11,0.76,0.07,1.0,-1.0,1.0
202.0,0.0,0.57,0.11,0.76,0.07,2.99,-1.29,24.94,-33.23,0.54,0.11,0.76,0.06,1.0,-1.0,0.0
203.0,0.01,0.54,0.11,0.76,0.06,3.03,-1.48,66.05,-81.02,0.51,0.12,0.76,0.05,1.0,-1.0,0.0
204.0,0.02,0.51,0.12,0.76,0.05,3.22,-1.58,68.29,-81.67,0.48,0.12,0.76,0.04,1.0,-1.0,0.0
205.0,0.03,0.48,0.12,0.76,0.04,3.38,-1.61,70.82,-81.56,0.45,0.12,0.76,0.03,1.0,-1.0,0.0
206.0,0.04,0.45,0.12,0.76,0.03,3.51,-1.6,72.69,-81.21,0.42,0.12,0.76,0.02,1.0,-1.0,0.0
207.0,0.05,0.42,0.12,0.76,0.02,3.61,-1.54,74.45,-80.96,0.39,0.12,0.76,0.01,1.0,-1.0,0.0
208.0,0.06,0.39,0.12,0.76,0.01,3.69,-1.4,76.16,-81.04,0.36,0.12,0.76,0.0,1.0,-1.0,0.0
209.0,0.07,0.36,0.12,0.76,0.0,3.71,-1.2,77.51,-81.21,0.33,0.12,0.77,0.0,1.0,-1.0,0.0
210.0,0.08,0.33,0.12,0.77,0.0,3.68,-0.98,78.21,-81.23,0.3,0.12,0.77,0.0,1.0,-1.0,0.0
211.0,0.09,0.3,0.12,0.77,0.0,3.61,-0.73,78.7,-81.82,0.27,0.12,0.78,0.0,1.0,-1.0,0.0
212.0,0.1,0.27,0.12,0.78,0.0,3.49,-0.45,79.08,-83.12,0.24,0.12,0.79,0.0,1.0,-1.0,0.0
213.0,0.11,0.24,0.12,0.79,0.0,3.32,-0.15,79.42,-84.69,0.21,0.12,0.8,0.0,1.0,-1.0,0.0
214.0,0.12,0.21,0.12,0.8,0.0,3.17,0.21,79.83,-85.25,0.18,0.12,0.81,0.0,1.0,-1.0,0.0
215.0,0.13,0.18,0.12,0.81,0.0,3.18,0.64,80.4,-83.14,0.15,0.12,0.82,0.01,1.0,-1.0,0.0
216.0,0.14,0.15,0.12,0.82,0.01,3.44,1.09,81.42,-78.6,0.12,0.12,0.82,0.02,1.0,-1.0,0.0
217.0,0.15,0.12,0.12,0.82,0.02,3.82,1.27,82.79,-74.89,0.09,0.12,0.83,0.03,1.0,-1.0,0.0
218.0,0.16,0.09,0.12,0.83,0.03,4.05,1.23,83.98,-73.39,0.06,0.12,0.83,0.04,1.0,-1.0,0.0
219.0,0.17,0.06,0.12,0.83,0.04,4.16,1.18,84.67,-73.21,0.03,0.12,0.83,0.05,1.0,-1.0,0.0
220.0,0.18,0.03,0.12,0.83,0.05,4.22,1.15,84.75,-73.65,0.0,0.12,0.84,0.05,1.0,-1.0,0.0
221.0,0.19,0.0,0.12,0.84,0.05,4.24,1.14,84.46,-74.52,0.0,0.12,0.84,0.06,1.0,-1.0,0.0
222.0,0.2,0.0,0.12,0.84,0.06,4.23,1.25,83.88,-75.2,0.0,0.12,0.84,0.07,1.0,-1.0,0.0
223.0,0.21,0.0,0.12,0.84,0.07,4.19,1.39,82.89,-75.8,0.0,0.12,0.85,0.08,1.0,-1.0,0.0
224.0,0.22,0.0,0.12,0.85,0.08,4.15,1.56,81.61,-76.49,0.0,0.12,0.85,0.09,1.0,-1.0,0.0
225.0,0.23,0.0,0.12,0.85,0.09,4.1,1.75,80.16,-77.2,0.0,0.12,0.84,0.1,1.0,-1.0,0.0
226.0,0.24,0.0,0.12,0.84,0.1,4.03,1.96,78.73,-77.87,0.0,0.12,0.84,0.11,1.0,-1.0,0.0
227.0,0.25,0.0,0.12,0.84,0.11,3.95,2.2,77.56,-78.36,0.0,0.12,0.83,0.12,1.0,-1.0,0.0
228.0,0.26,0.0,0.12,0.83,0.12,3.86,2.43,76.77,-78.61,0.0,0.12,0.83,0.13,1.0,-1.0,0.0
229.0,0.27,0.0,0.12,0.83,0.13,3.76,2.63,76.33,-78.58,0.0,0.12,0.82,0.13,1.0,-1.0,0.0
230.0,0.28,0.0,0.12,0.82,0.13,3.67,2.79,76.1,-78.36,0.0,0.12,0.81,0.13,1.0,-1.0,0.0
231.0,0.29,0.0,0.12,0.81,0.13,3.6,2.89,75.96,-78.03,0.0,0.12,0.8,0.14,1.0,-1.0,0.0
232.0,0.3,0.0,0.12,0.8,0.14,3.55,2.95,75.84,-77.66,0.0,0.12,0.79,0.14,1.0,-1.0,0.0
233.0,0.31,0.0,0.12,0.79,0.14,3.52,2.98,75.73,-77.28,0.0,0.12,0.78,0.14,1.0,-1.0,0.0
234.0,0.32,0.0,0.12,0.78,0.14,3.5,2.99,75.64,-76.92,0.0,0.12,0.77,0.14,1.0,-1.0,0.0
235.0,0.33,0.0,0.12,0.77,0.14,3.48,2.99,75.56,-76.57,0.0,0.12,0.76,0.14,1.0,-1.0,0.0
236.0,0.34,0.0,0.12,0.76,0.14,3.47,2.98,75.5,-76.23,0.0,0.12,0.75,0.15,1.0,-1.0,0.0
237.0,0.35,0.0,0.12,0.75,0.15,3.45,2.97,75.46,-75.9,0.0,0.12,0.74,0.15,1.0,-1.0,0.0
238.0,0.36,0.0,0.12,0.74,0.15,3.44,2.95,75.42,-75.57,0.0,0.12,0.73,0.15,1.0,-1.0,0.0
239.0,0.37,0.0,0.12,0.73,0.15,3.42,2.94,75.4,-75.24,0.0,0.12,0.72,0.15,1.0,-1.0,0.0
240.0,0.38,0.0,0.12,0.72,0.15,3.41,2.93,75.38,-74.89,0.0,0.12,0.71,0.15,1.0,-1.0,0.0
241.0,0.39,0.0,0.12,0.71,0.15,3.39,2.91,75.37,-74.52,0.0,0.12,0.7,0.16,1.0,-1.0,0.0
242.0,0.4,0.0,0.12,0.7,0.16,3.36,2.9,75.35,-74.14,0.0,0.12,0.69,0.16,1.0,-1.0,0.0
243.0,0.41,0.0,0.12,0.69,0.16,3.34,2.89,75.34,-73.72,0.0,0.12,0.68,0.16,1.0,-1.0,0.0
244.0,0.42,0.0,0.12,0.68,0.16,3.31,2.88,75.33,-73.27,0.0,0.12,0.67,0.16,1.0,-1.0,0.0
245.0,0.43,0.0,0.12,0.67,0.16,3.28,2.87,75.32,-72.79,0.0,0.12,0.66,0.17,1.0,-1.0,0.0
246.0,0.44,0.0,0.12,0.66,0.17,3.25,2.87,75.31,-72.28,0.0,0.12,0.65,0.17,1.0,-1.0,0.0
247.0,0.45,0.0,0.12,0.65,0.17,3.22,2.86,75.3,-71.74,0.0,0.12,0.64,0.17,1.0,-1.0,0.0
248.0,0.46,0.0,0.12,0.64,0.17,3.18,2.86,75.28,-71.17,0.0,0.12,0.63,0.17,1.0,-1.0,0.0
249.0,0.47,0.0,0.12,0.63,0.17,3.14,2.85,75.26,-70.57,0.0,0.12,0.62,0.18,1.0,-1.0,0.0
250.0,0.48,0.0,0.12,0.62,0.18,3.1,2.85,75.24,-69.96,0.0,0.12,0.61,0.18,1.0,-1.0,0.0
251.0,0.49,0.0,0.12,0.61,0.18,3.07,2.84,75.19,-69.41,0.0,0.12,0.61,0.18,1.0,-1.0,0.0
252.0,0.5,0.0,0.12,0.61,0.18,3.04,2.81,75.1,-69.01,0.0,0.12,0.6,0.19,1.0,-1.0,0.0
253.0,0.51,0.0,0.12,0.6,0.19,3.02,2.78,74.94,-68.74,0.0,0.13,0.59,0.19,1.0,-1.0,0.0
254.0,0.52,0.0,0.13,0.59,0.19,2.99,2.75,74.72,-68.58,0.0,0.13,0.58,0.19,1.0,-1.0,0.0
255.0,0.53,0.0,0.13,0.58,0.19,2.97,2.72,74.41,-68.51,0.0,0.14,0.57,0.2,1.0,-1.0,0.0
256.0,0.54,0.0,0.14,0.57,0.2,2.95,2.69,73.99,-68.53,0.0,0.14,0.56,0.2,1.0,-1.0,0.0
257.0,0.55,0.0,0.14,0.56,0.2,2.92,2.66,73.43,-68.64,0.0,0.15,0.55,0.21,1.0,-1.0,0.0
258.0,0.56,0.0,0.15,0.55,0.21,2.9,2.63,72.71,-68.82,0.0,0.16,0.54,0.21,1.0,-1.0,0.0
259.0,0.57,0.0,0.16,0.54,0.21,2.88,2.6,71.79,-69.05,0.0,0.16,0.53,0.22,1.0,-1.0,0.0
260.0,0.58,0.0,0.16,0.53,0.22,2.85,2.56,70.67,-69.32,0.0,0.17,0.52,0.22,1.0,-1.0,0.0
261.0,0.59,0.0,0.17,0.52,0.22,2.83,2.53,69.38,-69.6,0.0,0.18,0.52,0.23,1.0,-1.0,0.0
262.0,0.6,0.0,0.18,0.52,0.23,2.81,2.5,67.96,-69.86,0.0,0.19,0.51,0.23,1.0,-1.0,0.0
263.0,0.61,0.0,0.19,0.51,0.23,2.78,2.46,66.48,-70.05,0.0,0.2,0.5,0.24,1.0,-1.0,0.0
264.0,0.62,0.0,0.2,0.5,0.24,2.76,2.43,65.03,-70.13,0.0,0.21,0.49,0.25,1.0,-1.0,0.0
265.0,0.63,0.0,0.21,0.49,0.25,2.73,2.39,63.69,-70.04,0.0,0.22,0.49,0.25,1.0,-1.0,0.0
266.0,0.64,0.0,0.22,0.49,0.25,2.71,2.36,62.51,-69.71,0.0,0.24,0.48,0.26,1.0,-1.0,0.0
267.0,0.65,0.0,0.24,0.48,0.26,2.68,2.33,61.52,-69.08,0.0,0.25,0.47,0.27,1.0,-1.0,0.0
268.0,0.66,0.0,0.25,0.47,0.27,2.65,2.3,60.71,-68.08,0.0,0.26,0.46,0.27,1.0,-1.0,0.0
269.0,0.67,0.0,0.26,0.46,0.27,2.62,2.27,60.05,-66.73,0.0,0.28,0.46,0.28,1.0,-1.0,0.0
270.0,0.68,0.0,0.28,0.46,0.28,2.59,2.24,59.49,-65.1,0.0,0.3,0.45,0.29,1.0,-1.0,0.0
271.0,0.69,0.0,0.3,0.45,0.29,2.55,2.22,58.98,-63.4,0.0,0.31,0.45,0.3,1.0,-1.0,0.0
272.0,0.7,0.0,0.31,0.45,0.3,2.51,2.2,58.43,-61.88,0.0,0.33,0.44,0.31,1.0,-1.0,0.0
273.0,0.71,0.0,0.33,0.44,0.31,2.47,2.19,57.77,-60.73,0.0,0.35,0.43,0.31,1.0,-1.0,0.0
274.0,0.72,0.0,0.35,0.43,0.31,2.42,2.18,56.95,-59.99,0.0,0.37,0.43,0.32,1.0,-1.0,0.0
275.0,0.73,0.0,0.37,0.43,0.32,2.36,2.17,55.96,-59.58,0.0,0.39,0.42,0.33,1.0,-1.0,0.0
276.0,0.74,0.0,0.39,0.42,0.33,2.3,2.15,54.93,-59.35,0.0,0.41,0.42,0.34,1.0,-1.0,0.0
277.0,0.75,0.0,0.41,0.42,0.34,2.21,2.12,54.09,-59.12,0.0,0.44,0.41,0.35,1.0,-1.0,0.0
278.0,0.76,0.0,0.44,0.41,0.35,2.1,2.07,53.67,-58.7,0.0,0.46,0.41,0.36,1.0,-1.0,0.0
279.0,0.77,0.0,0.46,0.41,0.36,1.97,2.0,53.69,-57.92,0.0,0.49,0.4,0.37,1.0,-1.0,0.0
280.0,0.78,0.0,0.49,0.4,0.37,1.8,1.91,53.93,-56.89,0.0,0.52,0.4,0.38,1.0,-1.0,0.0
281.0,0.79,0.0,0.52,0.4,0.38,1.61,1.82,54.05,-56.01,0.0,0.55,0.4,0.38,1.0,-1.0,0.0
282.0,0.8,0.0,0.55,0.4,0.38,1.44,1.75,53.85,-55.56,0.0,0.58,0.4,0.39,1.0,-1.0,0.0
283.0,0.81,0.0,0.58,0.4,0.39,1.32,1.69,53.33,-55.57,0.01,0.61,0.39,0.4,1.0,-1.0,0.0
284.0,0.82,0.01,0.61,0.39,0.4,1.24,1.62,52.23,-55.58,0.02,0.64,0.39,0.41,1.0,-1.0,0.0
285.0,0.83,0.02,0.64,0.39,0.41,1.19,1.55,50.69,-54.9,0.03,0.66,0.39,0.42,1.0,-1.0,0.0
286.0,0.84,0.03,0.66,0.39,0.42,1.15,1.48,49.26,-53.48,0.04,0.69,0.4,0.43,1.0,-1.0,0.0
287.0,0.85,0.04,0.69,0.4,0.43,1.12,1.41,48.4,-51.96,0.06,0.72,0.4,0.44,1.0,-1.0,0.0
288.0,0.86,0.06,0.72,0.4,0.44,1.09,1.35,48.45,-50.88,0.07,0.74,0.4,0.45,1.0,-1.0,0.0
289.0,0.87,0.07,0.74,0.4,0.45,1.06,1.29,49.34,-50.19,0.09,0.77,0.4,0.46,1.0,-1.0,0.0
290.0,0.88,0.09,0.77,0.4,0.46,1.01,1.24,50.54,-49.51,0.1,0.8,0.41,0.47,1.0,-1.0,0.0
291.0,0.89,0.1,0.8,0.41,0.47,0.94,1.19,51.4,-48.66,0.12,0.82,0.41,0.48,1.0,-1.0,0.0
292.0,0.9,0.12,0.82,0.41,0.48,0.85,1.15,51.69,-47.88,0.14,0.84,0.41,0.49,1.0,-1.0,0.0
293.0,0.91,0.14,0.84,0.41,0.49,0.74,1.1,51.68,-47.74,0.16,0.86,0.42,0.5,1.0,-1.0,0.0
294.0,0.92,0.16,0.86,0.42,0.5,0.6,1.04,51.51,-48.66,0.19,0.88,0.42,0.51,1.0,-1.0,0.0
295.0,0.93,0.19,0.88,0.42,0.51,0.42,0.94,50.94,-50.33,0.21,0.89,0.43,0.52,1.0,-1.0,0.0
296.0,0.94,0.21,0.89,0.43,0.52,0.12,0.82,49.92,-51.81,0.24,0.9,0.44,0.52,1.0,-1.0,0.0
297.0,0.95,0.24,0.9,0.44,0.52,-0.27,0.75,48.95,-52.45,0.27,0.89,0.44,0.53,1.0,-1.0,0.0
298.0,0.96,0.27,0.89,0.44,0.53,-0.36,0.81,48.55,-51.85,0.3,0.88,0.45,0.54,1.0,-1.0,0.0
299.0,0.97,0.3,0.88,0.45,0.54,-0.19,0.82,48.25,-50.57,0.33,0.87,0.46,0.55,1.0,-1.0,0.0
300.0,0.98,0.33,0.87,0.46,0.55,-0.04,0.73,48.06,-49.4,0.36,0.87,0.46,0.55,1.0,-1.0,0.0
301.0,0.99,0.36,0.87,0.46,0.55,0.01,0.66,48.4,-48.52,0.39,0.87,0.47,0.56,1.0,-1.0,0.0
302.0,1.0,0.39,0.87,0.47,0.56,0.05,0.62,48.8,-48.12,0.42,0.87,0.48,0.56,1.0,-1.0,0.0
303.0,1.01,0.42,0.87,0.48,0.56,0.07,0.58,48.57,-47.79,0.45,0.87,0.49,0.57,1.0,-1.0,0.0
304.0,1.02,0.45,0.87,0.49,0.57,0.08,0.52,47.66,-46.81,0.48,0.88,0.5,0.58,1.0,-1.0,0.0
305.0,1.03,0.48,0.88,0.5,0.58,0.09,0.47,46.31,-45.17,0.51,0.88,0.51,0.58,1.0,-1.0,0.0
306.0,1.04,0.51,0.88,0.51,0.58,0.1,0.42,44.68,-43.61,0.54,0.88,0.51,0.58,1.0,-1.0,0.0
307.0,1.05,0.54,0.88,0.51,0.58,0.11,0.37,42.88,-42.68,0.57,0.89,0.52,0.59,1.0,-1.0,0.0
308.0,1.06,0.57,0.89,0.52,0.59,0.13,0.34,41.22,-42.14,0.6,0.89,0.53,0.59,1.0,-1.0,0.0
309.0,1.07,0.6,0.89,0.53,0.59,0.14,0.32,39.89,-41.52,0.63,0.89,0.54,0.59,1.0,-1.0,0.0
310.0,1.08,0.63,0.89,0.54,0.59,0.17,0.31,38.8,-40.62,0.66,0.9,0.55,0.6,1.0,-1.0,0.0
311.0,1.09,0.66,0.9,0.55,0.6,0.21,0.31,37.7,-39.49,0.69,0.91,0.56,0.6,1.0,-1.0,0.0
312.0,1.1,0.69,0.91,0.56,0.6,0.26,0.32,36.4,-38.18,0.72,0.91,0.57,0.6,1.0,-1.0,0.0
313.0,1.11,0.72,0.91,0.57,0.6,0.32,0.35,34.85,-36.72,0.75,0.92,0.58,0.61,1.0,-1.0,0.0
314.0,1.12,0.75,0.92,0.58,0.61,0.4,0.4,33.11,-35.11,0.77,0.93,0.59,0.61,1.0,-1.0,0.0
315.0,1.13,0.77,0.93,0.59,0.61,0.51,0.47,31.24,-33.37,0.8,0.95,0.6,0.61,1.0,-1.0,0.0
316.0,1.14,0.8,0.95,0.6,0.61,0.64,0.57,29.31,-31.54,0.82,0.97,0.61,0.62,1.0,-1.0,0.0
317.0,1.15,0.82,0.97,0.61,0.62,0.78,0.7,27.36,-29.67,0.84,0.99,0.62,0.63,1.0,-1.0,0.0
318.0,1.16,0.84,0.99,0.62,0.63,0.93,0.85,25.32,-27.72,0.86,1.0,0.62,0.63,1.0,-1.0,0.0
319.0,1.17,0.86,1.0,0.62,0.63,1.14,1.01,23.56,-25.78,0.87,1.0,0.63,0.64,1.0,-1.0,0.0
320.0,1.18,0.87,1.0,0.63,0.64,1.48,1.19,22.2,-23.98,0.88,1.0,0.63,0.65,1.0,-1.0,0.0
321.0,1.19,0.88,1.0,0.63,0.65,1.98,1.47,20.76,-22.64,0.87,1.0,0.63,0.66,1.0,-1.0,0.0
322.0,1.2,0.87,1.0,0.63,0.66,2.53,1.83,19.27,-21.84,0.84,1.0,0.63,0.67,1.0,-1.0,0.0
323.0,1.21,0.84,1.0,0.63,0.67,2.79,2.14,17.62,-19.64,0.81,1.0,0.62,0.68,1.0,-1.0,0.0
324.0,1.22,0.81,1.0,0.62,0.68,2.77,2.34,16.48,-16.87,0.79,1.0,0.62,0.69,1.0,-1.0,0.0
325.0,1.23,0.79,1.0,0.62,0.69,2.62,2.46,15.47,-15.16,0.76,1.0,0.61,0.69,1.0,-1.0,0.0
326.0,1.24,0.76,1.0,0.61,0.69,2.35,2.48,13.99,-13.73,0.74,1.0,0.6,0.7,1.0,-1.0,0.0
327.0,1.25,0.74,1.0,0.6,0.7,1.93,2.35,12.32,-12.84,0.73,1.0,0.59,0.71,1.0,-1.0,0.0
328.0,1.26,0.73,1.0,0.59,0.71,1.35,1.96,11.19,-13.49,0.73,1.0,0.59,0.72,1.0,-1.0,0.0
329.0,1.27,0.73,1.0,0.59,0.72,0.7,1.3,11.42,-15.2,0.76,1.0,0.59,0.73,1.0,-1.0,0.0
330.0,1.28,0.76,1.0,0.59,0.73,0.09,0.63,11.79,-18.26,0.79,1.0,0.6,0.73,1.0,-1.0,0.0
331.0,1.29,0.79,1.0,0.6,0.73,-0.36,0.2,13.48,-20.89,0.81,0.99,0.61,0.73,1.0,-1.0,0.0
332.0,1.3,0.81,0.99,0.61,0.73,-0.63,0.05,13.9,-20.8,0.84,0.97,0.62,0.73,1.0,-1.0,0.0
333.0,1.31,0.84,0.97,0.62,0.73,-0.73,-0.05,12.78,-18.54,0.86,0.95,0.63,0.73,1.0,-1.0,0.0
334.0,1.32,0.86,0.95,0.63,0.73,-0.79,-0.14,11.27,-15.82,0.88,0.93,0.64,0.73,1.0,-1.0,0.0
335.0,1.33,0.88,0.93,0.64,0.73,-0.84,-0.23,10.27,-14.54,0.9,0.91,0.65,0.73,1.0,-1.0,0.0
336.0,1.34,0.9,0.91,0.65,0.73,-0.88,-0.32,9.99,-15.1,0.92,0.89,0.66,0.73,1.0,-1.0,0.0
337.0,1.35,0.92,0.89,0.66,0.73,-0.94,-0.39,10.35,-16.33,0.94,0.86,0.67,0.72,1.0,-1.0,0.0
338.0,1.36,0.94,0.86,0.67,0.72,-1.03,-0.45,11.25,-16.9,0.95,0.84,0.68,0.72,1.0,-1.0,0.0
339.0,1.37,0.95,0.84,0.68,0.72,-1.15,-0.51,12.54,-16.59,0.97,0.81,0.69,0.71,1.0,-1.0,0.0
340.0,1.38,0.97,0.81,0.69,0.71,-1.25,-0.56,14.26,-15.94,0.98,0.78,0.7,0.71,1.0,-1.0,0.0
341.0,1.39,0.98,0.78,0.7,0.71,-1.3,-0.61,16.73,-15.95,0.98,0.75,0.7,0.7,1.0,-1.0,0.0
342.0,1.4,0.98,0.75,0.7,0.7,-1.33,-0.64,20.13,-17.39,0.99,0.72,0.71,0.7,1.0,-1.0,0.0
343.0,1.41,0.99,0.72,0.71,0.7,-1.34,-0.67,24.56,-20.62,1.0,0.69,0.72,0.69,1.0,-1.0,0.0
344.0,1.42,1.0,0.69,0.72,0.69,-1.32,-0.68,30.41,-25.23,1.0,0.66,0.73,0.68,1.0,-1.0,0.0
345.0,1.43,1.0,0.66,0.73,0.68,-1.25,-0.7,34.93,-29.86,1.0,0.63,0.74,0.68,1.0,-1.0,0.0
346.0,1.44,1.0,0.63,0.74,0.68,-1.17,-0.73,37.71,-35.27,1.0,0.61,0.74,0.67,1.0,-1.0,0.0
347.0,1.45,1.0,0.61,0.74,0.67,-1.1,-0.8,40.52,-39.75,1.0,0.58,0.75,0.66,1.0,-1.0,0.0
348.0,1.46,1.0,0.58,0.75,0.66,-1.07,-0.88,42.15,-41.82,1.0,0.55,0.76,0.66,1.0,-1.0,0.0
349.0,1.47,1.0,0.55,0.76,0.66,-1.05,-0.98,41.82,-42.28,1.0,0.53,0.76,0.65,1.0,-1.0,0.0
350.0,1.48,1.0,0.53,0.76,0.65,-1.05,-1.1,41.3,-42.51,1.0,0.5,0.77,0.64,1.0,-1.0,0.0
351.0,1.49,1.0,0.5,0.77,0.64,-1.05,-1.23,41.62,-42.78,1.0,0.48,0.77,0.63,1.0,-1.0,0.0
352.0,1.5,1.0,0.48,0.77,0.63,-1.04,-1.37,42.22,-42.69,1.0,0.45,0.77,0.62,1.0,-1.0,0.0
353.0,1.51,1.0,0.45,0.77,0.62,-1.02,-1.51,42.5,-42.08,1.0,0.42,0.77,0.61,1.0,-1.0,0.0
354.0,1.52,1.0,0.42,0.77,0.61,-0.98,-1.64,42.28,-41.09,1.0,0.4,0.77,0.6,1.0,-1.0,0.0
355.0,1.53,1.0,0.4,0.77,0.6,-0.94,-1.77,41.55,-39.91,1.0,0.38,0.77,0.59,1.0,-1.0,0.0
356.0,1.54,1.0,0.38,0.77,0.59,-0.9,-1.88,40.48,-38.67,1.0,0.35,0.77,0.58,1.0,-1.0,0.0
357.0,1.55,1.0,0.35,0.77,0.58,-0.86,-1.97,39.24,-37.45,1.0,0.33,0.76,0.57,1.0,-1.0,0.0
358.0,1.56,1.0,0.33,0.76,0.57,-0.84,-2.05,37.99,-36.33,1.0,0.31,0.76,0.56,1.0,-1.0,0.0
359.0,1.57,1.0,0.31,0.76,0.56,-0.84,-2.11,36.83,-35.36,1.0,0.28,0.75,0.55,1.0,-1.0,0.0
360.0,1.58,1.0,0.28,0.75,0.55,-0.83,-2.16,35.81,-34.53,1.0,0.26,0.75,0.55,1.0,-1.0,0.0
361.0,1.59,1.0,0.26,0.75,0.55,-0.84,-2.19,34.96,-33.81,1.0,0.24,0.74,0.54,1.0,-1.0,0.0
362.0,1.6,1.0,0.24,0.74,0.54,-0.84,-2.21,34.26,-33.16,1.0,0.22,0.74,0.53,1.0,-1.0,0.0
363.0,1.61,1.0,0.22,0.74,0.53,-0.85,-2.22,33.68,-32.52,1.0,0.19,0.73,0.52,1.0,-1.0,0.0
364.0,1.62,1.0,0.19,0.73,0.52,-0.85,-2.21,33.22,-31.85,1.0,0.17,0.72,0.51,1.0,-1.0,0.0
365.0,1.63,1.0,0.17,0.72,0.51,-0.85,-2.2,32.83,-31.13,1.0,0.15,0.72,0.5,1.0,-1.0,0.0
366.0,1.64,1.0,0.15,0.72,0.5,-0.85,-2.16,32.49,-30.34,1.0,0.13,0.71,0.5,1.0,-1.0,0.0
367.0,1.65,1.0,0.13,0.71,0.5,-0.84,-2.12,32.14,-29.47,1.0,0.11,0.71,0.49,1.0,-1.0,0.0
368.0,1.66,1.0,0.11,0.71,0.49,-0.83,-2.07,31.7,-28.5,1.0,0.08,0.7,0.48,1.0,-1.0,0.0
369.0,1.67,1.0,0.08,0.7,0.48,-0.83,-2.0,31.08,-27.43,1.0,0.06,0.7,0.47,1.0,-1.0,0.0
370.0,1.68,1.0,0.06,0.7,0.47,-0.84,-1.94,30.17,-26.24,1.0,0.04,0.69,0.46,1.0,-1.0,0.0
371.0,1.69,1.0,0.04,0.69,0.46,-0.86,-1.87,28.93,-24.93,1.0,0.02,0.69,0.45,1.0,-1.0,0.0
372.0,1.7,1.0,0.02,0.69,0.45,-0.89,-1.79,27.35,-23.49,1.0,0.0,0.69,0.44,1.0,-1.0,0.0
373.0,1.71,1.0,0.0,0.69,0.44,-1.02,-1.75,25.78,-22.26,1.0,0.0,0.69,0.43,1.0,-1.0,0.0
374.0,1.72,1.0,0.0,0.69,0.43,-1.31,-1.78,24.69,-21.67,1.0,0.0,0.69,0.42,1.0,-1.0,0.0
375.0,1.73,1.0,0.0,0.69,0.42,-1.7,-1.82,23.7,-21.05,1.0,0.0,0.68,0.41,1.0,-1.0,0.0
376.0,1.74,1.0,0.0,0.68,0.41,-2.25,-1.89,22.88,-20.4,0.98,0.0,0.68,0.4,1.0,-1.0,0.0
377.0,1.75,0.98,0.0,0.68,0.4,-2.93,-2.06,22.76,-19.85,0.95,0.0,0.67,0.39,1.0,-1.0,0.0
378.0,1.76,0.95,0.0,0.67,0.39,-3.39,-2.39,21.0,-20.96,0.92,0.0,0.67,0.39,1.0,-1.0,0.0
379.0,1.77,0.92,0.0,0.67,0.39,-3.47,-2.57,19.01,-21.4,0.89,0.0,0.66,0.38,1.0,-1.0,0.0
380.0,1.78,0.89,0.0,0.66,0.38,-3.45,-2.61,17.88,-20.86,0.86,0.0,0.65,0.38,1.0,-1.0,0.0
381.0,1.79,0.86,0.0,0.65,0.38,-3.4,-2.67,16.59,-19.83,0.83,0.0,0.64,0.37,1.0,-1.0,0.0
382.0,1.8,0.83,0.0,0.64,0.37,-3.36,-2.73,14.81,-18.66,0.8,0.0,0.63,0.37,1.0,-1.0,0.0
383.0,1.81,0.8,0.0,0.63,0.37,-3.32,-2.79,13.07,-17.71,0.77,0.0,0.62,0.36,1.0,-1.0,0.0
384.0,1.82,0.77,0.0,0.62,0.36,-3.28,-2.85,12.18,-16.99,0.74,0.0,0.61,0.36,1.0,-1.0,0.0
385.0,1.83,0.74,0.0,0.61,0.36,-3.25,-2.92,12.17,-16.18,0.71,0.0,0.6,0.36,1.0,-1.0,0.0
386.0,1.84,0.71,0.0,0.6,0.36,-3.23,-2.99,12.41,-14.96,0.68,0.0,0.59,0.36,1.0,-1.0,0.0
387.0,1.85,0.68,0.0,0.59,0.36,-3.21,-3.07,12.34,-13.35,0.65,0.0,0.58,0.36,1.0,-1.0,0.0
388.0,1.86,0.65,0.0,0.58,0.36,-3.21,-3.14,11.85,-11.63,0.62,0.0,0.57,0.36,1.0,-1.0,0.0
389.0,1.87,0.62,0.0,0.57,0.36,-3.24,-3.21,11.18,-9.97,0.59,0.0,0.56,0.36,1.0,-1.0,0.0
390.0,1.88,0.59,0.0,0.56,0.36,-3.29,-3.26,10.35,-8.54,0.56,0.0,0.55,0.36,1.0,-1.0,0.0
391.0,1.89,0.56,0.0,0.55,0.36,-3.39,-3.31,9.2,-7.24,0.53,0.0,0.54,0.36,1.0,-1.0,0.0
392.0,1.9,0.53,0.0,0.54,0.36,-3.53,-3.34,7.88,-6.03,0.5,0.0,0.53,0.36,1.0,-1.0,0.0
393.0,1.91,0.5,0.0,0.53,0.36,-3.72,-3.37,6.88,-4.87,0.47,0.0,0.52,0.36,1.0,-1.0,0.0
394.0,1.92,0.47,0.0,0.52,0.36,-3.93,-3.38,6.57,-3.74,0.44,0.0,0.51,0.36,1.0,-1.0,0.0
395.0,1.93,0.44,0.0,0.51,0.36,-4.16,-3.37,6.83,-2.61,0.41,0.0,0.5,0.36,1.0,-1.0,0.0
396.0,1.94,0.41,0.0,0.5,0.36,-4.4,-3.35,7.19,-1.51,0.38,0.0,0.49,0.36,1.0,-1.0,0.0
397.0,1.95,0.38,0.0,0.49,0.36,-4.63,-3.33,7.14,-0.47,0.35,0.0,0.48,0.36,1.0,-1.0,0.0
398.0,1.96,0.35,0.0,0.48,0.36,-4.83,-3.29,6.44,0.43,0.32,0.0,0.47,0.36,1.0,-1.0,0.0
399.0,1.97,0.32,0.0,0.47,0.36,-5.0,-3.25,5.29,1.1,0.29,0.0,0.46,0.36,1.0,-1.0,0.0
400.0,1.98,0.29,0.0,0.46,0.36,-5.15,-3.2,4.21,1.52,0.26,0.0,0.45,0.36,1.0,-1.0,0.0
401.0,1.99,0.26,0.0,0.45,0.36,-5.27,-3.14,3.65,1.79,0.23,0.0,0.44,0.36,1.0,-1.0,0.0
402.0,2.0,0.23,0.0,0.44,0.36,-5.38,-3.09,3.75,2.09,0.2,0.0,0.43,0.36,1.0,-1.0,0.0
403.0,2.01,0.2,0.0,0.43,0.36,-5.45,-3.04,4.42,2.49,0.32,0.73,0.72,0.08,1.0,-1.0,1.0
404.0,0.0,0.32,0.73,0.72,0.08,4.65,2.5,74.82,-73.48,0.29,0.73,0.72,0.08,1.0,-1.0,0.0
405.0,0.01,0.29,0.73,0.72,0.08,5.14,2.05,70.07,-79.42,0.26,0.73,0.71,0.09,1.0,-1.0,0.0
406.0,0.02,0.26,0.73,0.71,0.09,4.97,2.07,70.35,-79.83,0.23,0.73,0.71,0.1,1.0,-1.0,0.0
407.0,0.03,0.23,0.73,0.71,0.1,4.81,2.09,71.48,-79.58,0.2,0.73,0.7,0.11,1.0,-1.0,0.0
408.0,0.04,0.2,0.73,0.7,0.11,4.64,2.11,72.86,-78.54,0.17,0.73,0.7,0.12,1.0,-1.0,0.0
409.0,0.05,0.17,0.73,0.7,0.12,4.48,2.13,74.04,-77.21,0.14,0.73,0.69,0.12,1.0,-1.0,0.0
410.0,0.06,0.14,0.73,0.69,0.12,4.33,2.16,74.68,-75.78,0.11,0.73,0.69,0.13,1.0,-1.0,0.0
411.0,0.07,0.11,0.73,0.69,0.13,4.18,2.17,74.61,-74.01,0.08,0.73,0.68,0.14,1.0,-1.0,0.0
412.0,0.08,0.08,0.73,0.68,0.14,4.01,2.17,73.88,-71.73,0.05,0.73,0.68,0.15,1.0,-1.0,0.0
413.0,0.09,0.05,0.73,0.68,0.15,3.82,2.15,72.65,-69.27,0.02,0.73,0.67,0.16,1.0,-1.0,0.0
414.0,0.1,0.02,0.73,0.67,0.16,3.65,2.11,71.14,-67.2,0.0,0.73,0.66,0.17,1.0,-1.0,0.0
415.0,0.11,0.0,0.73,0.66,0.17,3.56,2.06,69.76,-66.09,0.0,0.73,0.66,0.18,1.0,-1.0,0.0
416.0,0.12,0.0,0.73,0.66,0.18,3.55,2.03,69.01,-65.99,0.0,0.73,0.66,0.18,1.0,-1.0,0.0
417.0,0.13,0.0,0.73,0.66,0.18,3.53,2.0,68.31,-65.89,0.0,0.73,0.65,0.19,1.0,-1.0,0.0
418.0,0.14,0.0,0.73,0.65,0.19,3.52,1.98,67.67,-65.83,0.0,0.73,0.65,0.2,1.0,-1.0,0.0
419.0,0.15,0.0,0.73,0.65,0.2,3.51,1.96,67.12,-65.82,0.0,0.73,0.64,0.21,1.0,-1.0,0.0
420.0,0.16,0.0,0.73,0.64,0.21,3.5,1.94,66.65,-65.88,0.0,0.73,0.64,0.22,1.0,-1.0,0.0
421.0,0.17,0.0,0.73,0.64,0.22,3.49,1.93,66.28,-66.0,0.0,0.73,0.64,0.23,1.0,-1.0,0.0
422.0,0.18,0.0,0.73,0.64,0.23,3.48,1.92,65.99,-66.18,0.0,0.73,0.63,0.24,1.0,-1.0,0.0
423.0,0.19,0.0,0.73,0.63,0.24,3.47,1.92,65.78,-66.41,0.0,0.73,0.63,0.25,1.0,-1.0,0.0
424.0,0.2,0.0,0.73,0.63,0.25,3.46,1.92,65.61,-66.66,0.0,0.73,0.63,0.26,1.0,-1.0,0.0
425.0,0.21,0.0,0.73,0.63,0.26,3.44,1.93,65.48,-66.9,0.0,0.73,0.62,0.27,1.0,-1.0,0.0
426.0,0.22,0.0,0.73,0.62,0.27,3.43,1.94,65.36,-67.09,0.0,0.73,0.62,0.28,1.0,-1.0,0.0
427.0,0.23,0.0,0.73,0.62,0.28,3.41,1.96,65.24,-67.17,0.0,0.73,0.62,0.29,1.0,-1.0,0.0
428.0,0.24,0.0,0.73,0.62,0.29,3.38,1.98,65.1,-67.11,0.0,0.73,0.61,0.3,1.0,-1.0,0.0
429.0,0.25,0.0,0.73,0.61,0.3,3.35,2.01,64.92,-66.86,0.0,0.73,0.61,0.3,1.0,-1.0,0.0
430.0,0.26,0.0,0.73,0.61,0.3,3.31,2.05,64.68,-66.42,0.0,0.73,0.6,0.31,1.0,-1.0,0.0
431.0,0.27,0.0,0.73,0.6,0.31,3.27,2.08,64.39,-65.79,0.0,0.73,0.6,0.32,1.0,-1.0,0.0
432.0,0.28,0.0,0.73,0.6,0.32,3.23,2.13,64.02,-65.04,0.0,0.73,0.59,0.33,1.0,-1.0,0.0
433.0,0.29,0.0,0.73,0.59,0.33,3.18,2.18,63.57,-64.2,0.0,0.73,0.59,0.34,1.0,-1.0,0.0
434.0,0.3,0.0,0.73,0.59,0.34,3.12,2.23,63.05,-63.34,0.0,0.73,0.58,0.35,1.0,-1.0,0.0
435.0,0.31,0.0,0.73,0.58,0.35,3.06,2.29,62.46,-62.46,0.0,0.73,0.57,0.35,1.0,-1.0,0.0
436.0,0.32,0.0,0.73,0.57,0.35,2.98,2.36,61.77,-61.54,0.0,0.74,0.57,0.36,1.0,-1.0,0.0
437.0,0.33,0.0,0.74,0.57,0.36,2.87,2.42,60.99,-60.58,0.0,0.75,0.56,0.37,1.0,-1.0,0.0
438.0,0.34,0.0,0.75,0.56,0.37,2.74,2.47,60.1,-59.6,0.0,0.76,0.55,0.37,1.0,-1.0,0.0
439.0,0.35,0.0,0.76,0.55,0.37,2.58,2.51,59.01,-58.68,0.0,0.77,0.54,0.38,1.0,-1.0,0.0
440.0,0.36,0.0,0.77,0.54,0.38,2.4,2.5,57.69,-58.01,0.0,0.79,0.54,0.39,1.0,-1.0,0.0
441.0,0.37,0.0,0.79,0.54,0.39,2.25,2.43,56.29,-57.69,0.0,0.82,0.53,0.39,1.0,-1.0,0.0
442.0,0.38,0.0,0.82,0.53,0.39,2.14,2.31,55.13,-57.38,0.0,0.84,0.52,0.4,1.0,-1.0,0.0
443.0,0.39,0.0,0.84,0.52,0.4,2.05,2.17,54.53,-56.54,0.0,0.87,0.52,0.41,1.0,-1.0,0.0
444.0,0.4,0.0,0.87,0.52,0.41,1.96,2.04,54.43,-55.16,0.0,0.9,0.51,0.42,1.0,-1.0,0.0
445.0,0.41,0.0,0.9,0.51,0.42,1.86,1.94,54.52,-53.75,0.0,0.93,0.51,0.43,1.0,-1.0,0.0
446.0,0.42,0.0,0.93,0.51,0.43,1.76,1.87,54.53,-52.81,0.0,0.96,0.5,0.44,1.0,-1.0,0.0
447.0,0.43,0.0,0.96,0.5,0.44,1.65,1.82,54.26,-52.51,0.0,0.99,0.5,0.45,1.0,-1.0,0.0
448.0,0.44,0.0,0.99,0.5,0.45,1.53,1.8,53.59,-52.64,0.0,1.0,0.5,0.46,1.0,-1.0,0.0
449.0,0.45,0.0,1.0,0.5,0.46,1.39,1.83,52.28,-52.04,0.01,1.0,0.5,0.47,1.0,-1.0,0.0
450.0,0.46,0.01,1.0,0.5,0.47,1.2,1.9,51.01,-50.74,0.02,1.0,0.49,0.47,1.0,-1.0,0.0
451.0,0.47,0.02,1.0,0.49,0.47,0.93,1.95,50.17,-49.63,0.04,1.0,0.49,0.48,1.0,-1.0,0.0
452.0,0.48,0.04,1.0,0.49,0.48,0.55,2.0,49.58,-48.84,0.06,1.0,0.49,0.49,1.0,-1.0,0.0
453.0,0.49,0.06,1.0,0.49,0.49,0.19,2.08,48.97,-48.43,0.09,1.0,0.48,0.5,1.0,-1.0,0.0
454.0,0.5,0.09,1.0,0.48,0.5,-0.08,2.15,48.67,-48.12,0.12,1.0,0.48,0.51,1.0,-1.0,0.0
455.0,0.51,0.12,1.0,0.48,0.51,-0.25,2.17,49.32,-47.57,0.15,0.99,0.47,0.52,1.0,-1.0,0.0
456.0,0.52,0.15,0.99,0.47,0.52,-0.35,2.14,50.22,-46.92,0.18,0.98,0.46,0.53,1.0,-1.0,0.0
457.0,0.53,0.18,0.98,0.46,0.53,-0.4,2.03,50.81,-46.96,0.21,0.97,0.46,0.54,1.0,-1.0,0.0
458.0,0.54,0.21,0.97,0.46,0.54,-0.49,1.88,50.73,-47.81,0.23,0.95,0.46,0.55,1.0,-1.0,0.0
459.0,0.55,0.23,0.95,0.46,0.55,-0.72,1.7,49.61,-48.62,0.25,0.93,0.46,0.56,1.0,-1.0,0.0
460.0,0.56,0.25,0.93,0.46,0.56,-1.05,1.63,45.92,-47.75,0.27,0.91,0.46,0.57,1.0,-1.0,0.0
461.0,0.57,0.27,0.91,0.46,0.57,-1.12,1.87,37.46,-42.93,0.28,0.88,0.45,0.58,1.0,-1.0,0.0
462.0,0.58,0.28,0.88,0.45,0.58,-1.07,2.07,27.65,-34.14,0.3,0.86,0.45,0.58,1.0,-1.0,0.0
463.0,0.59,0.3,0.86,0.45,0.58,-1.06,2.12,16.28,-22.11,0.31,0.83,0.44,0.59,1.0,-1.0,0.0
464.0,0.6,0.31,0.83,0.44,0.59,-1.09,2.08,1.0,-7.31,0.33,0.8,0.44,0.6,1.0,-1.0,0.0
465.0,0.61,0.33,0.8,0.44,0.6,-1.29,1.99,-19.26,13.41,0.57,0.44,0.98,0.08,-100.0,100.0,1.0
466.0,0.0,0.57,0.44,0.98,0.08,5.63,0.69,78.36,-75.08,0.54,0.44,0.99,0.09,1.0,-1.0,0.0
467.0,0.01,0.54,0.44,0.99,0.09,5.23,2.41,76.18,-75.69,0.51,0.44,0.98,0.09,1.0,-1.0,0.0
468.0,0.02,0.51,0.44,0.98,0.09,5.49,3.05,74.14,-73.72,0.48,0.44,0.97,0.1,1.0,-1.0,0.0
469.0,0.03,0.48,0.44,0.97,0.1,5.41,3.09,73.33,-73.0,0.45,0.44,0.96,0.1,1.0,-1.0,0.0
470.0,0.04,0.45,0.44,0.96,0.1,5.35,3.03,73.13,-72.52,0.42,0.44,0.95,0.1,1.0,-1.0,0.0
471.0,0.05,0.42,0.44,0.95,0.1,5.27,2.98,73.03,-72.23,0.39,0.44,0.94,0.1,1.0,-1.0,0.0
472.0,0.06,0.39,0.44,0.94,0.1,5.14,2.92,72.88,-72.13,0.36,0.44,0.93,0.1,1.0,-1.0,0.0
473.0,0.07,0.36,0.44,0.93,0.1,4.98,2.85,72.67,-72.24,0.33,0.44,0.92,0.1,1.0,-1.0,0.0
474.0,0.08,0.33,0.44,0.92,0.1,4.79,2.79,72.41,-72.58,0.3,0.44,0.91,0.11,1.0,-1.0,0.0
475.0,0.09,0.3,0.44,0.91,0.11,4.59,2.72,72.15,-73.15,0.27,0.44,0.9,0.11,1.0,-1.0,0.0
476.0,0.1,0.27,0.44,0.9,0.11,4.43,2.66,71.94,-73.97,0.24,0.44,0.89,0.12,1.0,-1.0,0.0
477.0,0.11,0.24,0.44,0.89,0.12,4.33,2.61,71.84,-74.99,0.21,0.44,0.88,0.12,1.0,-1.0,0.0
478.0,0.12,0.21,0.44,0.88,0.12,4.28,2.56,71.89,-76.15,0.18,0.44,0.88,0.13,1.0,-1.0,0.0
479.0,0.13,0.18,0.44,0.88,0.13,4.28,2.53,72.09,-77.3,0.15,0.44,0.87,0.13,1.0,-1.0,0.0
480.0,0.14,0.15,0.44,0.87,0.13,4.32,2.52,72.41,-78.28,0.12,0.44,0.86,0.14,1.0,-1.0,0.0
481.0,0.15,0.12,0.44,0.86,0.14,4.36,2.52,72.78,-78.91,0.09,0.44,0.85,0.14,1.0,-1.0,0.0
482.0,0.16,0.09,0.44,0.85,0.14,4.39,2.53,73.11,-79.14,0.06,0.44,0.84,0.15,1.0,-1.0,0.0
483.0,0.17,0.06,0.44,0.84,0.15,4.41,2.54,73.29,-78.96,0.03,0.44,0.83,0.16,1.0,-1.0,0.0
484.0,0.18,0.03,0.44,0.83,0.16,4.42,2.56,73.27,-78.46,0.0,0.44,0.83,0.16,1.0,-1.0,0.0
485.0,0.19,0.0,0.44,0.83,0.16,4.41,2.59,73.04,-77.77,0.0,0.44,0.82,0.17,1.0,-1.0,0.0
486.0,0.2,0.0,0.44,0.82,0.17,4.39,2.62,72.79,-77.28,0.0,0.44,0.81,0.17,1.0,-1.0,0.0
487.0,0.21,0.0,0.44,0.81,0.17,4.37,2.65,72.49,-76.78,0.0,0.44,0.8,0.18,1.0,-1.0,0.0
488.0,0.22,0.0,0.44,0.8,0.18,4.35,2.68,72.15,-76.3,0.0,0.44,0.79,0.18,1.0,-1.0,0.0
489.0,0.23,0.0,0.44,0.79,0.18,4.32,2.7,71.79,-75.82,0.0,0.44,0.78,0.18,1.0,-1.0,0.0
490.0,0.24,0.0,0.44,0.78,0.18,4.3,2.71,71.42,-75.35,0.0,0.44,0.77,0.19,1.0,-1.0,0.0
491.0,0.25,0.0,0.44,0.77,0.19,4.28,2.71,71.06,-74.88,0.0,0.44,0.76,0.19,1.0,-1.0,0.0
492.0,0.26,0.0,0.44,0.76,0.19,4.26,2.71,70.71,-74.4,0.0,0.44,0.75,0.2,1.0,-1.0,0.0
493.0,0.27,0.0,0.44,0.75,0.2,4.23,2.71,70.38,-73.89,0.0,0.44,0.75,0.2,1.0,-1.0,0.0
494.0,0.28,0.0,0.44,0.75,0.2,4.21,2.7,70.07,-73.36,0.0,0.44,0.74,0.21,1.0,-1.0,0.0
495.0,0.29,0.0,0.44,0.74,0.21,4.19,2.69,69.78,-72.8,0.0,0.44,0.73,0.21,1.0,-1.0,0.0
496.0,0.3,0.0,0.44,0.73,0.21,4.17,2.68,69.52,-72.21,0.0,0.44,0.72,0.21,1.0,-1.0,0.0
497.0,0.31,0.0,0.44,0.72,0.21,4.14,2.66,69.27,-71.58,0.0,0.44,0.71,0.22,1.0,-1.0,0.0
498.0,0.32,0.0,0.44,0.71,0.22,4.12,2.65,69.03,-70.92,0.0,0.44,0.7,0.22,1.0,-1.0,0.0
499.0,0.33,0.0,0.44,0.7,0.22,4.09,2.63,68.79,-70.23,0.0,0.44,0.69,0.23,1.0,-1.0,0.0
