Step,Time,Positions_1,Positions_2,Positions_3,Positions_4,Positions_5,Positions_6,Action1,Action2,Action3,Value1,Value2,Value3,Next_positions_1,Next_positions_2,Next_positions_3,Next_positions_4,Next_positions_5,Next_positions_6,Reward1,Reward2,Reward3,Terminated
0.0,0.0,0.74,0.2,0.65,0.32,0.7,0.18,-0.15,-0.22,0.35,-32.21,-32.26,5.86,0.47,0.78,0.66,0.83,0.19,0.29,-100.0,50.0,100.0,1.0
1.0,0.0,0.47,0.78,0.66,0.83,0.19,0.29,-0.78,-0.55,0.69,26.35,-24.04,-40.57,0.49,0.76,0.67,0.82,0.2,0.29,1.0,-1.0,-1.0,0.0
2.0,0.01,0.49,0.76,0.67,0.82,0.2,0.29,-1.59,-1.79,0.33,32.92,-32.3,-49.48,0.49,0.73,0.66,0.81,0.21,0.3,1.0,-1.0,-1.0,0.0
3.0,0.02,0.49,0.73,0.66,0.81,0.21,0.3,-2.24,-2.34,0.18,47.29,-47.24,-59.87,0.47,0.71,0.66,0.8,0.22,0.3,1.0,-1.0,-1.0,0.0
4.0,0.03,0.47,0.71,0.66,0.8,0.22,0.3,-2.01,-2.04,0.28,53.82,-53.22,-63.65,0.46,0.68,0.65,0.79,0.23,0.3,1.0,-1.0,-1.0,0.0
5.0,0.04,0.46,0.68,0.65,0.79,0.23,0.3,-2.06,-1.98,0.26,53.27,-53.65,-63.26,0.44,0.66,0.65,0.79,0.24,0.3,1.0,-1.0,-1.0,0.0
6.0,0.05,0.44,0.66,0.65,0.79,0.24,0.3,-1.81,-1.83,0.32,53.82,-55.12,-63.2,0.44,0.63,0.64,0.78,0.25,0.31,1.0,-1.0,-1.0,0.0
7.0,0.06,0.44,0.63,0.64,0.78,0.25,0.31,-1.74,-1.77,0.27,53.53,-55.96,-62.67,0.43,0.6,0.64,0.77,0.26,0.31,1.0,-1.0,-1.0,0.0
8.0,0.07,0.43,0.6,0.64,0.77,0.26,0.31,-1.47,-1.64,0.26,53.76,-57.35,-61.63,0.43,0.57,0.64,0.76,0.27,0.31,1.0,-1.0,-1.0,0.0
9.0,0.08,0.43,0.57,0.64,0.76,0.27,0.31,-1.32,-1.61,0.17,54.06,-58.06,-60.12,0.44,0.54,0.64,0.75,0.28,0.31,1.0,-1.0,-1.0,0.0
10.0,0.09,0.44,0.54,0.64,0.75,0.28,0.31,-1.08,-1.54,0.1,54.59,-58.78,-58.22,0.46,0.51,0.64,0.74,0.29,0.32,1.0,-1.0,-1.0,0.0
11.0,0.1,0.46,0.51,0.64,0.74,0.29,0.32,-0.85,-1.54,-0.01,55.63,-59.25,-57.13,0.48,0.49,0.64,0.73,0.3,0.31,1.0,-1.0,-1.0,0.0
12.0,0.11,0.48,0.49,0.64,0.73,0.3,0.31,-0.64,-1.53,-0.12,57.01,-60.45,-57.5,0.5,0.47,0.64,0.72,0.31,0.31,1.0,-1.0,-1.0,0.0
13.0,0.12,0.5,0.47,0.64,0.72,0.31,0.31,-0.5,-1.53,-0.21,58.25,-62.05,-58.63,0.53,0.46,0.64,0.71,0.32,0.31,1.0,-1.0,-1.0,0.0
14.0,0.13,0.53,0.46,0.64,0.71,0.32,0.31,-0.55,-1.49,-0.29,58.92,-63.05,-59.45,0.55,0.44,0.64,0.7,0.33,0.31,1.0,-1.0,-1.0,0.0
15.0,0.14,0.55,0.44,0.64,0.7,0.33,0.31,-0.71,-1.39,-0.41,58.95,-63.28,-59.35,0.57,0.42,0.65,0.69,0.34,0.3,1.0,-1.0,-1.0,0.0
16.0,0.15,0.57,0.42,0.65,0.69,0.34,0.3,-0.8,-1.29,-0.54,58.73,-63.31,-58.21,0.6,0.4,0.65,0.68,0.35,0.3,1.0,-1.0,-1.0,0.0
17.0,0.16,0.6,0.4,0.65,0.68,0.35,0.3,-0.81,-1.22,-0.65,58.47,-63.29,-57.0,0.62,0.38,0.65,0.67,0.35,0.29,1.0,-1.0,-1.0,0.0
18.0,0.17,0.62,0.38,0.65,0.67,0.35,0.29,-0.84,-1.17,-0.73,57.65,-63.42,-56.13,0.64,0.36,0.66,0.66,0.36,0.29,1.0,-1.0,-1.0,0.0
19.0,0.18,0.64,0.36,0.66,0.66,0.36,0.29,-0.87,-1.12,-0.81,55.99,-63.74,-55.52,0.66,0.33,0.66,0.65,0.37,0.28,1.0,-1.0,-1.0,0.0
20.0,0.19,0.66,0.33,0.66,0.65,0.37,0.28,-0.91,-1.08,-0.87,53.54,-64.02,-54.94,0.67,0.31,0.67,0.64,0.37,0.27,1.0,-1.0,-1.0,0.0
21.0,0.2,0.67,0.31,0.67,0.64,0.37,0.27,-0.95,-1.04,-0.93,50.57,-64.03,-54.05,0.69,0.28,0.67,0.63,0.38,0.26,1.0,-1.0,-1.0,0.0
22.0,0.21,0.69,0.28,0.67,0.63,0.38,0.26,-0.99,-1.0,-0.98,47.4,-63.64,-52.59,0.71,0.26,0.68,0.62,0.39,0.26,1.0,-1.0,-1.0,0.0
23.0,0.22,0.71,0.26,0.68,0.62,0.39,0.26,-1.03,-0.97,-1.03,44.35,-62.86,-50.58,0.72,0.23,0.68,0.61,0.39,0.25,1.0,-1.0,-1.0,0.0
24.0,0.23,0.72,0.23,0.68,0.61,0.39,0.25,-1.08,-0.94,-1.07,41.72,-61.77,-48.32,0.74,0.21,0.69,0.61,0.4,0.24,1.0,-1.0,-1.0,0.0
25.0,0.24,0.74,0.21,0.69,0.61,0.4,0.24,-1.12,-0.91,-1.11,39.69,-60.47,-46.16,0.75,0.18,0.69,0.6,0.4,0.23,1.0,-1.0,-1.0,0.0
26.0,0.25,0.75,0.18,0.69,0.6,0.4,0.23,-1.14,-0.89,-1.14,38.27,-59.03,-44.32,0.76,0.15,0.7,0.59,0.4,0.22,1.0,-1.0,-1.0,0.0
27.0,0.26,0.76,0.15,0.7,0.59,0.4,0.22,-1.13,-0.86,-1.17,37.19,-57.48,-42.78,0.78,0.13,0.71,0.58,0.41,0.21,1.0,-1.0,-1.0,0.0
28.0,0.27,0.78,0.13,0.71,0.58,0.41,0.21,-1.06,-0.83,-1.2,36.13,-55.78,-41.41,0.79,0.1,0.71,0.58,0.41,0.2,1.0,-1.0,-1.0,0.0
29.0,0.28,0.79,0.1,0.71,0.58,0.41,0.2,-0.87,-0.79,-1.21,34.83,-53.75,-40.0,0.81,0.08,0.72,0.57,0.42,0.19,1.0,-1.0,-1.0,0.0
30.0,0.29,0.81,0.08,0.72,0.57,0.42,0.19,-0.5,-0.72,-1.19,33.14,-50.96,-38.31,0.84,0.06,0.73,0.56,0.42,0.18,1.0,-1.0,-1.0,0.0
31.0,0.3,0.84,0.06,0.73,0.56,0.42,0.18,0.2,-0.62,-1.14,30.88,-46.55,-35.84,0.86,0.07,0.74,0.56,0.42,0.17,1.0,-1.0,-1.0,0.0
32.0,0.31,0.86,0.07,0.74,0.56,0.42,0.17,1.36,-0.5,-1.03,27.18,-41.28,-33.08,0.87,0.1,0.74,0.55,0.43,0.17,1.0,-1.0,-1.0,0.0
33.0,0.32,0.87,0.1,0.74,0.55,0.43,0.17,2.29,-0.59,-0.53,25.46,-40.35,-38.33,0.85,0.12,0.75,0.55,0.44,0.16,1.0,-1.0,-1.0,0.0
34.0,0.33,0.85,0.12,0.75,0.55,0.44,0.16,2.25,-0.82,0.02,29.7,-42.0,-42.51,0.83,0.14,0.76,0.54,0.45,0.16,1.0,-1.0,-1.0,0.0
35.0,0.34,0.83,0.14,0.76,0.54,0.45,0.16,1.97,-0.91,0.11,30.53,-41.91,-39.61,0.82,0.17,0.77,0.53,0.46,0.16,1.0,-1.0,-1.0,0.0
36.0,0.35,0.82,0.17,0.77,0.53,0.46,0.16,1.62,-0.98,0.1,27.67,-40.4,-34.4,0.82,0.2,0.77,0.52,0.47,0.16,1.0,-1.0,-1.0,0.0
37.0,0.36,0.82,0.2,0.77,0.52,0.47,0.16,1.32,-1.03,0.04,23.75,-38.22,-30.26,0.83,0.23,0.78,0.51,0.48,0.16,1.0,-1.0,-1.0,0.0
38.0,0.37,0.83,0.23,0.78,0.51,0.48,0.16,0.97,-1.05,-0.01,20.59,-35.83,-28.69,0.84,0.26,0.78,0.51,0.49,0.16,1.0,-1.0,-1.0,0.0
39.0,0.38,0.84,0.26,0.78,0.51,0.49,0.16,0.45,-1.03,-0.09,16.79,-32.88,-27.64,0.87,0.27,0.79,0.5,0.5,0.16,1.0,-1.0,-1.0,0.0
40.0,0.39,0.87,0.27,0.79,0.5,0.5,0.16,-0.21,-0.99,-0.28,12.32,-29.4,-25.41,0.9,0.26,0.79,0.49,0.51,0.16,1.0,-1.0,-1.0,0.0
41.0,0.4,0.9,0.26,0.79,0.49,0.51,0.16,-0.92,-0.95,-0.46,8.93,-27.37,-21.35,0.92,0.24,0.8,0.48,0.52,0.16,1.0,-1.0,-1.0,0.0
42.0,0.41,0.92,0.24,0.8,0.48,0.52,0.16,-1.55,-0.91,-0.55,6.48,-26.73,-16.07,0.92,0.21,0.8,0.47,0.52,0.15,1.0,-1.0,-1.0,0.0
43.0,0.42,0.92,0.21,0.8,0.47,0.52,0.15,-1.93,-0.92,-0.65,5.47,-25.84,-14.11,0.91,0.18,0.81,0.46,0.53,0.14,1.0,-1.0,-1.0,0.0
44.0,0.43,0.91,0.18,0.81,0.46,0.53,0.14,-2.05,-0.97,-0.68,4.06,-23.75,-14.48,0.89,0.15,0.82,0.46,0.54,0.14,1.0,-1.0,-1.0,0.0
45.0,0.44,0.89,0.15,0.82,0.46,0.54,0.14,-2.03,-1.03,-0.71,1.36,-21.26,-14.05,0.88,0.13,0.82,0.45,0.55,0.13,1.0,-1.0,-1.0,0.0
46.0,0.45,0.88,0.13,0.82,0.45,0.55,0.13,-1.95,-1.09,-0.75,-2.47,-18.4,-12.31,0.87,0.1,0.83,0.44,0.56,0.12,1.0,-1.0,-1.0,0.0
47.0,0.46,0.87,0.1,0.83,0.44,0.56,0.12,-1.9,-1.12,-0.8,-6.55,-14.88,-9.73,0.86,0.07,0.83,0.43,0.56,0.12,1.0,-1.0,-1.0,0.0
48.0,0.47,0.86,0.07,0.83,0.43,0.56,0.12,-1.95,-1.16,-0.85,-9.64,-10.51,-6.68,0.85,0.04,0.83,0.42,0.57,0.11,1.0,-1.0,-1.0,0.0
49.0,0.48,0.85,0.04,0.83,0.42,0.57,0.11,-2.1,-1.23,-0.92,-11.11,-5.64,-3.14,0.83,0.02,0.84,0.41,0.57,0.1,1.0,-1.0,-1.0,0.0
50.0,0.49,0.83,0.02,0.84,0.41,0.57,0.1,-2.32,-1.37,-1.03,-11.94,-1.61,0.67,0.81,0.0,0.84,0.4,0.58,0.09,1.0,-1.0,-1.0,0.0
51.0,0.5,0.81,0.0,0.84,0.4,0.58,0.09,-2.45,-1.6,-1.17,-15.61,-0.64,5.38,0.79,0.0,0.84,0.39,0.58,0.08,1.0,-1.0,-1.0,0.0
52.0,0.51,0.79,0.0,0.84,0.39,0.58,0.08,-2.3,-1.83,-1.23,-24.34,-2.8,12.62,0.77,0.0,0.84,0.38,0.59,0.07,1.0,-1.0,-1.0,0.0
53.0,0.52,0.77,0.0,0.84,0.38,0.59,0.07,-1.98,-1.87,-1.16,-32.57,-2.01,20.57,0.76,0.0,0.83,0.37,0.59,0.07,1.0,-1.0,-1.0,0.0
54.0,0.53,0.76,0.0,0.83,0.37,0.59,0.07,-1.44,-1.76,-0.98,-38.7,1.62,27.83,0.76,0.0,0.83,0.36,0.6,0.06,1.0,-1.0,-1.0,0.0
55.0,0.54,0.76,0.0,0.83,0.36,0.6,0.06,-0.58,-1.5,-0.76,-40.79,7.36,31.02,0.79,0.0,0.83,0.35,0.6,0.05,1.0,-1.0,-1.0,0.0
56.0,0.55,0.79,0.0,0.83,0.35,0.6,0.05,0.06,-1.26,-0.54,-38.13,12.77,27.47,0.82,0.0,0.84,0.34,0.61,0.05,1.0,-1.0,-1.0,0.0
57.0,0.56,0.82,0.0,0.84,0.34,0.61,0.05,0.29,-1.18,-0.3,-35.55,17.4,24.19,0.85,0.01,0.84,0.33,0.62,0.04,1.0,-1.0,-1.0,0.0
58.0,0.57,0.85,0.01,0.84,0.33,0.62,0.04,0.3,-1.18,-0.15,-34.38,20.34,22.19,0.88,0.02,0.84,0.32,0.63,0.04,1.0,-1.0,-1.0,0.0
59.0,0.58,0.88,0.02,0.84,0.32,0.63,0.04,0.14,-1.18,-0.08,-34.2,21.51,21.69,0.9,0.02,0.85,0.32,0.64,0.04,1.0,-1.0,-1.0,0.0
60.0,0.59,0.9,0.02,0.85,0.32,0.64,0.04,-0.08,-1.15,-0.07,-34.91,22.4,22.44,0.93,0.02,0.85,0.31,0.65,0.04,1.0,-1.0,-1.0,0.0
61.0,0.6,0.93,0.02,0.85,0.31,0.65,0.04,-0.31,-1.09,-0.1,-36.5,23.89,23.97,0.96,0.01,0.86,0.3,0.66,0.04,1.0,-1.0,-1.0,0.0
62.0,0.61,0.96,0.01,0.86,0.3,0.66,0.04,-0.48,-1.04,-0.16,-38.4,25.93,26.02,0.99,0.0,0.86,0.29,0.67,0.04,1.0,-1.0,-1.0,0.0
63.0,0.62,0.99,0.0,0.86,0.29,0.67,0.04,-0.6,-0.99,-0.21,-39.84,28.16,28.29,1.0,0.0,0.87,0.28,0.68,0.03,1.0,-1.0,-1.0,0.0
64.0,0.63,1.0,0.0,0.87,0.28,0.68,0.03,-0.73,-1.01,-0.19,-42.14,29.98,30.28,1.0,0.0,0.87,0.27,0.69,0.03,1.0,-1.0,-1.0,0.0
65.0,0.64,1.0,0.0,0.87,0.27,0.69,0.03,-0.84,-1.04,-0.18,-46.31,31.3,32.65,1.0,0.0,0.88,0.26,0.7,0.03,1.0,-1.0,-1.0,0.0
66.0,0.65,1.0,0.0,0.88,0.26,0.7,0.03,-0.93,-1.07,-0.17,-50.66,32.78,34.99,1.0,0.0,0.88,0.25,0.71,0.03,1.0,-1.0,-1.0,0.0
67.0,0.66,1.0,0.0,0.88,0.25,0.71,0.03,-0.98,-1.1,-0.16,-55.07,34.55,37.42,1.0,0.0,0.89,0.25,0.72,0.03,1.0,-1.0,-1.0,0.0
68.0,0.67,1.0,0.0,0.89,0.25,0.72,0.03,-1.0,-1.13,-0.13,-59.48,36.68,40.04,1.0,0.0,0.89,0.24,0.73,0.03,1.0,-1.0,-1.0,0.0
69.0,0.68,1.0,0.0,0.89,0.24,0.73,0.03,-0.99,-1.16,-0.11,-63.88,39.23,42.89,1.0,0.0,0.89,0.23,0.74,0.03,1.0,-1.0,-1.0,0.0
70.0,0.69,1.0,0.0,0.89,0.23,0.74,0.03,-0.97,-1.19,-0.08,-68.24,42.21,45.94,1.0,0.0,0.9,0.22,0.75,0.02,1.0,-1.0,-1.0,0.0
71.0,0.7,1.0,0.0,0.9,0.22,0.75,0.02,-0.95,-1.22,-0.05,-72.61,45.63,49.18,1.0,0.0,0.9,0.21,0.76,0.02,1.0,-1.0,-1.0,0.0
72.0,0.71,1.0,0.0,0.9,0.21,0.76,0.02,-0.92,-1.24,-0.03,-77.0,49.47,52.62,1.0,0.0,0.9,0.2,0.77,0.02,1.0,-1.0,-1.0,0.0
73.0,0.72,1.0,0.0,0.9,0.2,0.77,0.02,-0.9,-1.27,-0.01,-81.47,53.66,56.26,1.0,0.0,0.91,0.19,0.78,0.02,1.0,-1.0,-1.0,0.0
74.0,0.73,1.0,0.0,0.91,0.19,0.78,0.02,-0.87,-1.29,0.01,-86.01,58.14,60.15,1.0,0.0,0.91,0.18,0.79,0.02,1.0,-1.0,-1.0,0.0
75.0,0.74,1.0,0.0,0.91,0.18,0.79,0.02,-0.85,-1.31,0.02,-90.55,62.81,64.26,1.0,0.0,0.91,0.17,0.8,0.02,1.0,-1.0,-1.0,0.0
76.0,0.75,1.0,0.0,0.91,0.17,0.8,0.02,-0.82,-1.32,0.03,-94.98,67.6,68.58,1.0,0.0,0.92,0.16,0.81,0.02,1.0,-1.0,-1.0,0.0
77.0,0.76,1.0,0.0,0.92,0.16,0.81,0.02,-0.8,-1.33,0.04,-99.13,72.45,73.0,1.0,0.0,0.92,0.15,0.82,0.02,1.0,-1.0,-1.0,0.0
78.0,0.77,1.0,0.0,0.92,0.15,0.82,0.02,-0.77,-1.33,0.04,-102.82,77.28,77.4,1.0,0.0,0.92,0.14,0.83,0.02,1.0,-1.0,-1.0,0.0
79.0,0.78,1.0,0.0,0.92,0.14,0.83,0.02,-0.74,-1.32,0.04,-105.91,82.0,81.63,1.0,0.0,0.92,0.13,0.84,0.03,1.0,-1.0,-1.0,0.0
80.0,0.79,1.0,0.0,0.92,0.13,0.84,0.03,-0.71,-1.31,0.04,-108.28,86.46,85.53,1.0,0.0,0.93,0.12,0.85,0.03,1.0,-1.0,-1.0,0.0
81.0,0.8,1.0,0.0,0.93,0.12,0.85,0.03,-0.67,-1.28,0.03,-109.85,90.53,89.0,1.0,0.0,0.93,0.11,0.86,0.03,1.0,-1.0,-1.0,0.0
82.0,0.81,1.0,0.0,0.93,0.11,0.86,0.03,-0.64,-1.25,0.02,-110.57,94.1,91.96,1.0,0.0,0.93,0.1,0.87,0.03,1.0,-1.0,-1.0,0.0
83.0,0.82,1.0,0.0,0.93,0.1,0.87,0.03,-0.6,-1.21,0.01,-110.43,97.15,94.36,1.0,0.0,0.93,0.09,0.88,0.03,1.0,-1.0,-1.0,0.0
84.0,0.83,1.0,0.0,0.93,0.09,0.88,0.03,-0.56,-1.16,-0.01,-109.39,99.69,96.21,1.0,0.0,0.94,0.08,0.89,0.03,1.0,-1.0,-1.0,0.0
85.0,0.84,1.0,0.0,0.94,0.08,0.89,0.03,-0.52,-1.11,-0.03,-107.48,101.76,97.54,0.21,0.84,0.49,0.53,0.3,0.55,-100.0,100.0,50.0,1.0
86.0,0.0,0.21,0.84,0.49,0.53,0.3,0.55,0.09,0.93,1.48,58.71,-65.68,-52.8,0.24,0.84,0.5,0.54,0.31,0.56,1.0,-1.0,-1.0,0.0
87.0,0.01,0.24,0.84,0.5,0.54,0.31,0.56,0.01,0.81,0.92,58.18,-63.32,-55.51,0.27,0.84,0.51,0.54,0.31,0.57,1.0,-1.0,-1.0,0.0
88.0,0.02,0.27,0.84,0.51,0.54,0.31,0.57,0.08,0.83,1.0,57.33,-64.29,-56.04,0.3,0.84,0.51,0.55,0.32,0.58,1.0,-1.0,-1.0,0.0
89.0,0.03,0.3,0.84,0.51,0.55,0.32,0.58,0.09,0.85,0.96,57.14,-64.0,-57.25,0.33,0.84,0.52,0.56,0.32,0.59,1.0,-1.0,-1.0,0.0
90.0,0.04,0.33,0.84,0.52,0.56,0.32,0.59,0.06,0.88,0.93,57.25,-64.18,-57.73,0.36,0.85,0.53,0.56,0.33,0.59,1.0,-1.0,-1.0,0.0
91.0,0.05,0.36,0.85,0.53,0.56,0.33,0.59,0.05,0.92,0.88,56.9,-65.03,-58.08,0.39,0.85,0.53,0.57,0.34,0.6,1.0,-1.0,-1.0,0.0
92.0,0.06,0.39,0.85,0.53,0.57,0.34,0.6,0.06,0.95,0.84,55.47,-66.37,-58.95,0.42,0.85,0.54,0.58,0.34,0.61,1.0,-1.0,-1.0,0.0
93.0,0.07,0.42,0.85,0.54,0.58,0.34,0.61,0.08,0.96,0.8,53.34,-67.6,-60.24,0.45,0.85,0.54,0.59,0.35,0.62,1.0,-1.0,-1.0,0.0
94.0,0.08,0.45,0.85,0.54,0.59,0.35,0.62,0.11,0.97,0.76,51.34,-68.16,-61.45,0.48,0.86,0.55,0.6,0.36,0.62,1.0,-1.0,-1.0,0.0
95.0,0.09,0.48,0.86,0.55,0.6,0.36,0.62,0.14,0.97,0.73,50.1,-68.17,-62.11,0.51,0.86,0.55,0.61,0.36,0.63,1.0,-1.0,-1.0,0.0
96.0,0.1,0.51,0.86,0.55,0.61,0.36,0.63,0.15,0.96,0.69,49.7,-68.37,-62.2,0.54,0.86,0.56,0.61,0.37,0.64,1.0,-1.0,-1.0,0.0
97.0,0.11,0.54,0.86,0.56,0.61,0.37,0.64,0.15,0.94,0.65,49.83,-68.99,-61.99,0.56,0.87,0.57,0.62,0.38,0.64,1.0,-1.0,-1.0,0.0
98.0,0.12,0.56,0.87,0.57,0.62,0.38,0.64,0.15,0.91,0.62,50.2,-69.45,-61.77,0.59,0.87,0.57,0.63,0.39,0.65,1.0,-1.0,-1.0,0.0
99.0,0.13,0.59,0.87,0.57,0.63,0.39,0.65,0.14,0.87,0.58,50.74,-69.2,-61.67,0.62,0.88,0.58,0.64,0.4,0.65,1.0,-1.0,-1.0,0.0
100.0,0.14,0.62,0.88,0.58,0.64,0.4,0.65,0.14,0.82,0.55,51.35,-68.44,-61.73,0.65,0.88,0.59,0.64,0.4,0.66,1.0,-1.0,-1.0,0.0
101.0,0.15,0.65,0.88,0.59,0.64,0.4,0.66,0.13,0.77,0.53,51.8,-67.72,-61.89,0.68,0.89,0.59,0.65,0.41,0.66,1.0,-1.0,-1.0,0.0
102.0,0.16,0.68,0.89,0.59,0.65,0.41,0.66,0.11,0.71,0.51,51.92,-67.29,-62.1,0.71,0.89,0.6,0.66,0.42,0.67,1.0,-1.0,-1.0,0.0
103.0,0.17,0.71,0.89,0.6,0.66,0.42,0.67,0.06,0.66,0.49,51.7,-66.95,-62.31,0.74,0.89,0.61,0.66,0.43,0.67,1.0,-1.0,-1.0,0.0
104.0,0.18,0.74,0.89,0.61,0.66,0.43,0.67,-0.01,0.61,0.47,51.18,-66.47,-62.57,0.77,0.89,0.62,0.67,0.44,0.68,1.0,-1.0,-1.0,0.0
105.0,0.19,0.77,0.89,0.62,0.67,0.44,0.68,-0.13,0.57,0.43,50.39,-65.76,-62.95,0.8,0.89,0.63,0.68,0.45,0.68,1.0,-1.0,-1.0,0.0
106.0,0.2,0.8,0.89,0.63,0.68,0.45,0.68,-0.31,0.54,0.37,49.43,-64.85,-63.49,0.83,0.88,0.63,0.68,0.46,0.69,1.0,-1.0,-1.0,0.0
107.0,0.21,0.83,0.88,0.63,0.68,0.46,0.69,-0.58,0.53,0.27,48.77,-63.67,-64.09,0.86,0.86,0.64,0.69,0.47,0.69,1.0,-1.0,-1.0,0.0
108.0,0.22,0.86,0.86,0.64,0.69,0.47,0.69,-0.93,0.49,0.11,49.39,-62.41,-63.96,0.87,0.84,0.65,0.69,0.48,0.69,1.0,-1.0,-1.0,0.0
109.0,0.23,0.87,0.84,0.65,0.69,0.48,0.69,-1.22,0.37,-0.07,51.93,-61.73,-62.17,0.89,0.81,0.66,0.69,0.49,0.69,1.0,-1.0,-1.0,0.0
110.0,0.24,0.89,0.81,0.66,0.69,0.49,0.69,-1.31,0.23,-0.21,55.98,-61.36,-61.18,0.89,0.78,0.67,0.7,0.5,0.69,1.0,-1.0,-1.0,0.0
111.0,0.25,0.89,0.78,0.67,0.7,0.5,0.69,-1.26,0.13,-0.32,59.24,-60.83,-61.79,0.9,0.75,0.68,0.7,0.51,0.68,1.0,-1.0,-1.0,0.0
112.0,0.26,0.9,0.75,0.68,0.7,0.51,0.68,-1.18,0.02,-0.42,60.07,-60.98,-61.46,0.91,0.72,0.69,0.7,0.52,0.68,1.0,-1.0,-1.0,0.0
113.0,0.27,0.91,0.72,0.69,0.7,0.52,0.68,-1.16,-0.1,-0.52,59.68,-61.7,-60.02,0.93,0.7,0.7,0.7,0.52,0.67,1.0,-1.0,-1.0,0.0
114.0,0.28,0.93,0.7,0.7,0.7,0.52,0.67,-1.23,-0.24,-0.63,59.68,-62.55,-58.95,0.94,0.67,0.71,0.69,0.53,0.67,1.0,-1.0,-1.0,0.0
115.0,0.29,0.94,0.67,0.71,0.69,0.53,0.67,-1.36,-0.4,-0.74,61.07,-63.72,-60.22,0.94,0.64,0.72,0.69,0.54,0.66,1.0,-1.0,-1.0,0.0
116.0,0.3,0.94,0.64,0.72,0.69,0.54,0.66,-1.49,-0.54,-0.85,63.28,-64.77,-64.37,0.94,0.61,0.73,0.69,0.55,0.65,1.0,-1.0,-1.0,0.0
117.0,0.31,0.94,0.61,0.73,0.69,0.55,0.65,-1.61,-0.67,-0.94,64.73,-65.26,-68.63,0.94,0.58,0.74,0.68,0.55,0.65,1.0,-1.0,-1.0,0.0
118.0,0.32,0.94,0.58,0.74,0.68,0.55,0.65,-1.73,-0.81,-1.03,64.76,-65.11,-71.09,0.94,0.55,0.74,0.67,0.56,0.64,1.0,-1.0,-1.0,0.0
119.0,0.33,0.94,0.55,0.74,0.67,0.56,0.64,-1.83,-0.96,-1.13,63.64,-64.82,-71.69,0.93,0.52,0.75,0.66,0.56,0.63,1.0,-1.0,-1.0,0.0
120.0,0.34,0.93,0.52,0.75,0.66,0.56,0.63,-1.92,-1.1,-1.22,62.77,-65.13,-70.95,0.92,0.49,0.75,0.65,0.57,0.62,1.0,-1.0,-1.0,0.0
121.0,0.35,0.92,0.49,0.75,0.65,0.57,0.62,-1.98,-1.21,-1.33,63.36,-65.41,-70.16,0.91,0.46,0.76,0.65,0.57,0.61,1.0,-1.0,-1.0,0.0
122.0,0.36,0.91,0.46,0.76,0.65,0.57,0.61,-2.03,-1.27,-1.42,65.39,-65.43,-70.12,0.89,0.44,0.76,0.64,0.57,0.6,1.0,-1.0,-1.0,0.0
123.0,0.37,0.89,0.44,0.76,0.64,0.57,0.6,-2.07,-1.3,-1.52,67.76,-65.87,-70.01,0.88,0.41,0.76,0.63,0.57,0.59,1.0,-1.0,-1.0,0.0
124.0,0.38,0.88,0.41,0.76,0.63,0.57,0.59,-2.14,-1.3,-1.61,69.31,-66.81,-69.05,0.86,0.39,0.76,0.62,0.57,0.58,1.0,-1.0,-1.0,0.0
125.0,0.39,0.86,0.39,0.76,0.62,0.57,0.58,-2.21,-1.3,-1.72,69.49,-67.49,-67.27,0.85,0.36,0.77,0.61,0.57,0.57,1.0,-1.0,-1.0,0.0
126.0,0.4,0.85,0.36,0.77,0.61,0.57,0.57,-2.29,-1.3,-1.82,68.38,-67.28,-65.46,0.83,0.34,0.77,0.6,0.57,0.56,1.0,-1.0,-1.0,0.0
127.0,0.41,0.83,0.34,0.77,0.6,0.57,0.56,-2.38,-1.31,-1.92,66.7,-66.59,-64.4,0.8,0.32,0.77,0.59,0.56,0.55,1.0,-1.0,-1.0,0.0
128.0,0.42,0.8,0.32,0.77,0.59,0.56,0.55,-2.52,-1.35,-2.03,65.19,-66.3,-64.04,0.78,0.3,0.77,0.58,0.56,0.54,1.0,-1.0,-1.0,0.0
129.0,0.43,0.78,0.3,0.77,0.58,0.56,0.54,-2.72,-1.43,-2.15,63.76,-66.55,-63.73,0.75,0.29,0.78,0.57,0.55,0.53,1.0,-1.0,-1.0,0.0
130.0,0.44,0.75,0.29,0.78,0.57,0.55,0.53,-2.97,-1.57,-2.33,61.67,-66.34,-63.07,0.72,0.28,0.78,0.56,0.55,0.53,1.0,-1.0,-1.0,0.0
131.0,0.45,0.72,0.28,0.78,0.56,0.55,0.53,-3.25,-1.74,-2.56,59.56,-65.21,-61.94,0.69,0.28,0.77,0.55,0.54,0.52,1.0,-1.0,-1.0,0.0
132.0,0.46,0.69,0.28,0.77,0.55,0.54,0.52,-3.51,-1.87,-2.76,59.61,-64.52,-60.38,0.66,0.28,0.77,0.54,0.53,0.52,1.0,-1.0,-1.0,0.0
133.0,0.47,0.66,0.28,0.77,0.54,0.53,0.52,-3.73,-1.92,-2.83,60.37,-64.68,-58.94,0.63,0.28,0.77,0.53,0.52,0.51,1.0,-1.0,-1.0,0.0
134.0,0.48,0.63,0.28,0.77,0.53,0.52,0.51,-3.97,-1.95,-2.89,60.85,-64.79,-57.78,0.6,0.28,0.76,0.52,0.51,0.51,1.0,-1.0,-1.0,0.0
135.0,0.49,0.6,0.28,0.76,0.52,0.51,0.51,-4.25,-1.97,-2.96,60.54,-64.0,-56.68,0.57,0.28,0.76,0.51,0.5,0.51,1.0,-1.0,-1.0,0.0
136.0,0.5,0.57,0.28,0.76,0.51,0.5,0.51,-4.54,-1.97,-3.02,59.45,-62.16,-55.54,0.54,0.28,0.76,0.5,0.49,0.51,1.0,-1.0,-1.0,0.0
137.0,0.51,0.54,0.28,0.76,0.5,0.49,0.51,-4.81,-1.97,-3.07,58.09,-59.96,-54.24,0.51,0.28,0.75,0.49,0.48,0.51,1.0,-1.0,-1.0,0.0
138.0,0.52,0.51,0.28,0.75,0.49,0.48,0.51,-5.04,-1.96,-3.13,56.89,-58.48,-52.77,0.48,0.28,0.75,0.48,0.47,0.51,1.0,-1.0,-1.0,0.0
139.0,0.53,0.48,0.28,0.75,0.48,0.47,0.51,-5.23,-1.96,-3.18,55.83,-58.16,-51.24,0.45,0.28,0.75,0.47,0.46,0.51,1.0,-1.0,-1.0,0.0
140.0,0.54,0.45,0.28,0.75,0.47,0.46,0.51,-5.34,-1.94,-3.25,54.67,-58.23,-49.79,0.42,0.28,0.74,0.46,0.45,0.51,1.0,-1.0,-1.0,0.0
141.0,0.55,0.42,0.28,0.74,0.46,0.45,0.51,-5.4,-1.93,-3.31,53.17,-57.66,-48.49,0.39,0.28,0.74,0.46,0.44,0.51,1.0,-1.0,-1.0,0.0
142.0,0.56,0.39,0.28,0.74,0.46,0.44,0.51,-5.42,-1.91,-3.38,51.18,-55.98,-47.33,0.36,0.28,0.73,0.45,0.43,0.51,1.0,-1.0,-1.0,0.0
143.0,0.57,0.36,0.28,0.73,0.45,0.43,0.51,-5.38,-1.89,-3.45,48.77,-53.48,-46.25,0.33,0.28,0.73,0.44,0.42,0.51,1.0,-1.0,-1.0,0.0
144.0,0.58,0.33,0.28,0.73,0.44,0.42,0.51,-5.29,-1.86,-3.52,46.15,-50.96,-45.21,0.3,0.28,0.73,0.43,0.41,0.51,1.0,-1.0,-1.0,0.0
145.0,0.59,0.3,0.28,0.73,0.43,0.41,0.51,-5.13,-1.83,-3.6,43.7,-49.25,-44.17,0.27,0.28,0.73,0.42,0.4,0.51,1.0,-1.0,-1.0,0.0
146.0,0.6,0.27,0.28,0.73,0.42,0.4,0.51,-4.91,-1.8,-3.67,41.74,-48.57,-43.11,0.24,0.28,0.72,0.41,0.39,0.51,1.0,-1.0,-1.0,0.0
147.0,0.61,0.24,0.28,0.72,0.41,0.39,0.51,-4.6,-1.77,-3.75,40.48,-48.48,-42.01,0.21,0.28,0.72,0.4,0.38,0.51,1.0,-1.0,-1.0,0.0
148.0,0.62,0.21,0.28,0.72,0.4,0.38,0.51,-4.23,-1.75,-3.83,39.91,-48.23,-40.84,0.18,0.28,0.72,0.39,0.37,0.51,1.0,-1.0,-1.0,0.0
149.0,0.63,0.18,0.28,0.72,0.39,0.37,0.51,-3.8,-1.74,-3.91,39.82,-47.28,-39.57,0.15,0.28,0.72,0.38,0.36,0.51,1.0,-1.0,-1.0,0.0
150.0,0.64,0.15,0.28,0.72,0.38,0.36,0.51,-3.31,-1.74,-3.99,39.92,-45.66,-38.18,0.12,0.28,0.72,0.37,0.35,0.51,1.0,-1.0,-1.0,0.0
151.0,0.65,0.12,0.28,0.72,0.37,0.35,0.51,-2.79,-1.75,-4.07,39.91,-43.71,-36.66,0.09,0.27,0.71,0.36,0.34,0.51,1.0,-1.0,-1.0,0.0
152.0,0.66,0.09,0.27,0.71,0.36,0.34,0.51,-1.71,-1.72,-3.95,39.82,-42.15,-35.32,0.09,0.24,0.71,0.35,0.33,0.51,1.0,-1.0,-1.0,0.0
153.0,0.67,0.09,0.24,0.71,0.35,0.33,0.51,0.58,-1.61,-3.16,38.82,-41.08,-35.91,0.12,0.26,0.71,0.34,0.32,0.51,1.0,-1.0,-1.0,0.0
154.0,0.68,0.12,0.26,0.71,0.34,0.32,0.51,1.43,-2.75,-3.43,34.75,-41.45,-34.4,0.12,0.29,0.7,0.33,0.31,0.51,1.0,-1.0,-1.0,0.0
155.0,0.69,0.12,0.29,0.7,0.33,0.31,0.51,1.67,-4.2,-4.54,26.91,-43.46,-29.01,0.12,0.32,0.69,0.33,0.3,0.51,1.0,-1.0,-1.0,0.0
156.0,0.7,0.12,0.32,0.69,0.33,0.3,0.51,1.97,-4.78,-4.93,23.4,-44.18,-27.3,0.11,0.35,0.68,0.33,0.29,0.51,1.0,-1.0,-1.0,0.0
157.0,0.71,0.11,0.35,0.68,0.33,0.29,0.51,2.31,-5.13,-5.33,21.36,-43.32,-26.31,0.09,0.37,0.67,0.33,0.28,0.51,1.0,-1.0,-1.0,0.0
158.0,0.72,0.09,0.37,0.67,0.33,0.28,0.51,2.36,-5.23,-5.73,23.45,-41.9,-27.21,0.06,0.39,0.66,0.33,0.27,0.51,1.0,-1.0,-1.0,0.0
159.0,0.73,0.06,0.39,0.66,0.33,0.27,0.51,2.2,-5.16,-5.91,27.1,-41.43,-29.93,0.05,0.41,0.65,0.33,0.26,0.51,1.0,-1.0,-1.0,0.0
160.0,0.74,0.05,0.41,0.65,0.33,0.26,0.51,2.13,-5.08,-5.98,30.92,-41.89,-33.53,0.03,0.44,0.64,0.33,0.25,0.51,1.0,-1.0,-1.0,0.0
161.0,0.75,0.03,0.44,0.64,0.33,0.25,0.51,2.15,-4.94,-6.03,34.77,-43.45,-37.02,0.01,0.46,0.63,0.33,0.24,0.51,1.0,-1.0,-1.0,0.0
162.0,0.76,0.01,0.46,0.63,0.33,0.24,0.51,2.22,-4.7,-6.01,38.58,-45.96,-39.77,0.0,0.49,0.62,0.33,0.23,0.51,1.0,-1.0,-1.0,0.0
163.0,0.77,0.0,0.49,0.62,0.33,0.23,0.51,2.31,-4.39,-5.85,41.54,-48.58,-41.02,0.0,0.51,0.61,0.33,0.22,0.51,1.0,-1.0,-1.0,0.0
164.0,0.78,0.0,0.51,0.61,0.33,0.22,0.51,2.43,-4.12,-5.51,42.52,-50.36,-41.14,0.0,0.53,0.6,0.33,0.21,0.51,1.0,-1.0,-1.0,0.0
165.0,0.79,0.0,0.53,0.6,0.33,0.21,0.51,2.48,-3.8,-5.05,43.37,-50.97,-41.88,0.0,0.55,0.59,0.33,0.2,0.51,1.0,-1.0,-1.0,0.0
166.0,0.8,0.0,0.55,0.59,0.33,0.2,0.51,2.54,-3.53,-4.62,44.67,-50.49,-42.81,0.0,0.57,0.58,0.33,0.19,0.51,1.0,-1.0,-1.0,0.0
167.0,0.81,0.0,0.57,0.58,0.33,0.19,0.51,2.6,-3.25,-4.16,46.33,-49.21,-43.69,0.0,0.58,0.57,0.33,0.18,0.51,1.0,-1.0,-1.0,0.0
168.0,0.82,0.0,0.58,0.57,0.33,0.18,0.51,2.65,-2.98,-3.72,48.15,-47.68,-44.62,0.0,0.6,0.56,0.33,0.17,0.51,1.0,-1.0,-1.0,0.0
169.0,0.83,0.0,0.6,0.56,0.33,0.17,0.51,2.65,-2.42,-3.28,49.64,-46.81,-45.46,0.0,0.61,0.56,0.33,0.16,0.51,1.0,-1.0,-1.0,0.0
170.0,0.84,0.0,0.61,0.56,0.33,0.16,0.51,2.52,-1.09,-2.82,51.13,-47.26,-46.29,0.0,0.63,0.56,0.32,0.15,0.5,1.0,-1.0,-1.0,0.0
171.0,0.85,0.0,0.63,0.56,0.32,0.15,0.5,2.14,1.23,-1.24,53.42,-48.99,-47.55,0.0,0.65,0.56,0.33,0.15,0.49,1.0,-1.0,-1.0,0.0
172.0,0.86,0.0,0.65,0.56,0.33,0.15,0.49,1.31,1.85,1.84,55.28,-50.61,-53.66,0.01,0.68,0.56,0.34,0.15,0.5,1.0,-1.0,-1.0,0.0
173.0,0.87,0.01,0.68,0.56,0.34,0.15,0.5,0.95,0.9,1.47,51.35,-51.78,-54.61,0.03,0.71,0.57,0.34,0.15,0.51,1.0,-1.0,-1.0,0.0
174.0,0.88,0.03,0.71,0.57,0.34,0.15,0.51,0.95,1.07,1.42,54.73,-53.81,-54.71,0.04,0.73,0.57,0.35,0.15,0.52,1.0,-1.0,-1.0,0.0
175.0,0.89,0.04,0.73,0.57,0.35,0.15,0.52,0.64,1.02,1.39,55.14,-54.27,-54.36,0.07,0.75,0.58,0.36,0.15,0.53,1.0,-1.0,-1.0,0.0
176.0,0.9,0.07,0.75,0.58,0.36,0.15,0.53,0.54,1.03,1.33,55.59,-54.9,-53.6,0.09,0.76,0.58,0.37,0.16,0.54,1.0,-1.0,-1.0,0.0
177.0,0.91,0.09,0.76,0.58,0.37,0.16,0.54,0.4,1.05,1.31,55.22,-55.24,-52.75,0.12,0.78,0.59,0.38,0.16,0.55,1.0,-1.0,-1.0,0.0
178.0,0.92,0.12,0.78,0.59,0.38,0.16,0.55,0.38,1.08,1.28,54.91,-55.31,-52.05,0.15,0.79,0.59,0.39,0.16,0.56,1.0,-1.0,-1.0,0.0
179.0,0.93,0.15,0.79,0.59,0.39,0.16,0.56,0.31,1.1,1.26,55.0,-54.86,-51.1,0.18,0.8,0.6,0.4,0.16,0.57,1.0,-1.0,-1.0,0.0
180.0,0.94,0.18,0.8,0.6,0.4,0.16,0.57,0.32,1.12,1.23,55.26,-53.83,-49.68,0.21,0.8,0.6,0.41,0.17,0.58,1.0,-1.0,-1.0,0.0
181.0,0.95,0.21,0.8,0.6,0.41,0.17,0.58,0.27,1.13,1.21,54.94,-52.17,-48.69,0.23,0.81,0.61,0.41,0.17,0.59,1.0,-1.0,-1.0,0.0
182.0,0.96,0.23,0.81,0.61,0.41,0.17,0.59,0.27,1.13,1.16,54.43,-50.51,-48.99,0.26,0.82,0.61,0.42,0.18,0.6,1.0,-1.0,-1.0,0.0
183.0,0.97,0.26,0.82,0.61,0.42,0.18,0.6,0.23,1.13,1.13,54.06,-49.5,-49.78,0.29,0.83,0.61,0.43,0.18,0.61,1.0,-1.0,-1.0,0.0
184.0,0.98,0.29,0.83,0.61,0.43,0.18,0.61,0.18,1.12,1.07,54.22,-49.43,-50.17,0.32,0.83,0.62,0.44,0.18,0.62,1.0,-1.0,-1.0,0.0
185.0,0.99,0.32,0.83,0.62,0.44,0.18,0.62,0.09,1.11,1.0,54.59,-49.97,-49.73,0.35,0.84,0.62,0.45,0.19,0.63,1.0,-1.0,-1.0,0.0
186.0,1.0,0.35,0.84,0.62,0.45,0.19,0.63,-0.04,1.11,0.91,54.8,-50.53,-48.96,0.38,0.83,0.63,0.46,0.2,0.63,1.0,-1.0,-1.0,0.0
187.0,1.01,0.38,0.83,0.63,0.46,0.2,0.63,-0.18,1.13,0.81,54.71,-50.61,-48.48,0.41,0.83,0.63,0.47,0.2,0.64,1.0,-1.0,-1.0,0.0
188.0,1.02,0.41,0.83,0.63,0.47,0.2,0.64,-0.29,1.18,0.7,54.62,-49.96,-48.33,0.44,0.82,0.64,0.48,0.21,0.65,1.0,-1.0,-1.0,0.0
189.0,1.03,0.44,0.82,0.64,0.48,0.21,0.65,-0.31,1.24,0.6,54.8,-48.66,-48.57,0.47,0.81,0.64,0.49,0.22,0.65,1.0,-1.0,-1.0,0.0
190.0,1.04,0.47,0.81,0.64,0.49,0.22,0.65,-0.27,1.27,0.53,54.86,-47.12,-49.26,0.5,0.8,0.64,0.5,0.23,0.66,1.0,-1.0,-1.0,0.0
191.0,1.05,0.5,0.8,0.64,0.5,0.23,0.66,-0.18,1.28,0.47,54.11,-46.04,-49.58,0.53,0.8,0.64,0.51,0.24,0.66,1.0,-1.0,-1.0,0.0
192.0,1.06,0.53,0.8,0.64,0.51,0.24,0.66,-0.07,1.26,0.43,52.44,-45.89,-49.04,0.56,0.8,0.65,0.52,0.25,0.67,1.0,-1.0,-1.0,0.0
193.0,1.07,0.56,0.8,0.65,0.52,0.25,0.67,0.05,1.22,0.42,50.29,-46.39,-47.85,0.59,0.8,0.65,0.53,0.25,0.67,1.0,-1.0,-1.0,0.0
194.0,1.08,0.59,0.8,0.65,0.53,0.25,0.67,0.15,1.17,0.42,48.23,-46.82,-46.39,0.62,0.8,0.66,0.53,0.26,0.68,1.0,-1.0,-1.0,0.0
195.0,1.09,0.62,0.8,0.66,0.53,0.26,0.68,0.2,1.11,0.43,46.45,-46.81,-44.86,0.65,0.81,0.66,0.54,0.27,0.68,1.0,-1.0,-1.0,0.0
196.0,1.1,0.65,0.81,0.66,0.54,0.27,0.68,0.18,1.06,0.42,45.05,-46.8,-43.29,0.68,0.81,0.66,0.55,0.28,0.68,1.0,-1.0,-1.0,0.0
197.0,1.11,0.68,0.81,0.66,0.55,0.28,0.68,0.11,1.01,0.41,44.2,-47.19,-41.57,0.71,0.82,0.67,0.56,0.29,0.69,1.0,-1.0,-1.0,0.0
198.0,1.12,0.71,0.82,0.67,0.56,0.29,0.69,0.02,0.95,0.36,43.85,-47.67,-39.59,0.74,0.82,0.68,0.57,0.3,0.69,1.0,-1.0,-1.0,0.0
199.0,1.13,0.74,0.82,0.68,0.57,0.3,0.69,-0.07,0.88,0.31,43.73,-47.33,-37.28,0.76,0.82,0.68,0.58,0.31,0.69,1.0,-1.0,-1.0,0.0
200.0,1.14,0.76,0.82,0.68,0.58,0.31,0.69,-0.13,0.8,0.25,43.5,-45.84,-34.86,0.79,0.81,0.69,0.58,0.32,0.7,1.0,-1.0,-1.0,0.0
201.0,1.15,0.79,0.81,0.69,0.58,0.32,0.7,-0.17,0.72,0.21,42.86,-44.17,-32.8,0.82,0.81,0.7,0.59,0.33,0.7,1.0,-1.0,-1.0,0.0
202.0,1.16,0.82,0.81,0.7,0.59,0.33,0.7,-0.22,0.64,0.18,41.47,-43.1,-31.54,0.85,0.8,0.7,0.6,0.34,0.7,1.0,-1.0,-1.0,0.0
203.0,1.17,0.85,0.8,0.7,0.6,0.34,0.7,-0.29,0.57,0.15,39.29,-42.45,-31.31,0.88,0.79,0.71,0.6,0.35,0.7,1.0,-1.0,-1.0,0.0
204.0,1.18,0.88,0.79,0.71,0.6,0.35,0.7,-0.37,0.5,0.12,36.85,-41.45,-32.04,0.91,0.78,0.72,0.61,0.36,0.7,1.0,-1.0,-1.0,0.0
205.0,1.19,0.91,0.78,0.72,0.61,0.36,0.7,-0.48,0.41,0.1,34.96,-39.71,-33.4,0.94,0.77,0.73,0.61,0.37,0.7,1.0,-1.0,-1.0,0.0
206.0,1.2,0.94,0.77,0.73,0.61,0.37,0.7,-0.62,0.31,0.09,33.79,-37.92,-34.85,0.96,0.75,0.74,0.61,0.38,0.71,1.0,-1.0,-1.0,0.0
207.0,1.21,0.96,0.75,0.74,0.61,0.38,0.71,-0.77,0.2,0.07,32.57,-36.77,-35.94,0.98,0.73,0.75,0.62,0.39,0.71,1.0,-1.0,-1.0,0.0
208.0,1.22,0.98,0.73,0.75,0.62,0.39,0.71,-0.91,0.12,0.03,30.93,-35.9,-36.35,1.0,0.7,0.76,0.62,0.4,0.71,1.0,-1.0,-1.0,0.0
209.0,1.23,1.0,0.7,0.76,0.62,0.4,0.71,-1.01,0.06,-0.03,29.89,-35.06,-35.8,1.0,0.68,0.77,0.62,0.41,0.71,1.0,-1.0,-1.0,0.0
210.0,1.24,1.0,0.68,0.77,0.62,0.41,0.71,-0.97,0.0,-0.13,30.26,-34.46,-34.21,1.0,0.65,0.78,0.62,0.42,0.7,1.0,-1.0,-1.0,0.0
211.0,1.25,1.0,0.65,0.78,0.62,0.42,0.7,-1.03,-0.09,-0.22,30.7,-35.0,-33.27,1.0,0.63,0.79,0.62,0.43,0.7,1.0,-1.0,-1.0,0.0
212.0,1.26,1.0,0.63,0.79,0.62,0.43,0.7,-1.26,-0.2,-0.31,31.53,-36.06,-33.97,1.0,0.6,0.8,0.61,0.44,0.7,1.0,-1.0,-1.0,0.0
213.0,1.27,1.0,0.6,0.8,0.61,0.44,0.7,-1.57,-0.36,-0.4,33.23,-37.56,-35.46,1.0,0.57,0.81,0.61,0.45,0.7,1.0,-1.0,-1.0,0.0
214.0,1.28,1.0,0.57,0.81,0.61,0.45,0.7,-1.8,-0.54,-0.5,35.78,-39.39,-37.36,0.99,0.54,0.82,0.61,0.46,0.69,1.0,-1.0,-1.0,0.0
215.0,1.29,0.99,0.54,0.82,0.61,0.46,0.69,-1.89,-0.75,-0.61,37.53,-39.97,-39.64,0.98,0.51,0.83,0.6,0.46,0.69,1.0,-1.0,-1.0,0.0
216.0,1.3,0.98,0.51,0.83,0.6,0.46,0.69,-2.01,-0.95,-0.71,37.55,-39.52,-41.38,0.97,0.48,0.83,0.59,0.47,0.68,1.0,-1.0,-1.0,0.0
217.0,1.31,0.97,0.48,0.83,0.59,0.47,0.68,-2.03,-1.1,-0.84,37.48,-39.55,-42.58,0.96,0.46,0.84,0.58,0.48,0.67,1.0,-1.0,-1.0,0.0
218.0,1.32,0.96,0.46,0.84,0.58,0.48,0.67,-2.15,-1.2,-0.96,38.87,-40.12,-43.41,0.94,0.43,0.84,0.57,0.48,0.66,1.0,-1.0,-1.0,0.0
219.0,1.33,0.94,0.43,0.84,0.57,0.48,0.66,-2.16,-1.25,-1.09,41.51,-40.92,-43.73,0.92,0.41,0.84,0.56,0.49,0.65,1.0,-1.0,-1.0,0.0
220.0,1.34,0.92,0.41,0.84,0.56,0.49,0.65,-2.31,-1.28,-1.21,43.44,-41.76,-43.34,0.9,0.39,0.85,0.55,0.49,0.64,1.0,-1.0,-1.0,0.0
221.0,1.35,0.9,0.39,0.85,0.55,0.49,0.64,-2.39,-1.28,-1.35,45.02,-42.19,-42.58,0.88,0.37,0.85,0.54,0.5,0.64,1.0,-1.0,-1.0,0.0
222.0,1.36,0.88,0.37,0.85,0.54,0.5,0.64,-2.53,-1.29,-1.47,45.59,-41.92,-41.67,0.86,0.35,0.85,0.53,0.5,0.63,1.0,-1.0,-1.0,0.0
223.0,1.37,0.86,0.35,0.85,0.53,0.5,0.63,-2.71,-1.32,-1.6,44.96,-42.0,-40.67,0.83,0.34,0.85,0.52,0.5,0.62,1.0,-1.0,-1.0,0.0
224.0,1.38,0.83,0.34,0.85,0.52,0.5,0.62,-2.88,-1.37,-1.75,42.87,-42.22,-39.79,0.8,0.33,0.86,0.51,0.49,0.61,1.0,-1.0,-1.0,0.0
225.0,1.39,0.8,0.33,0.86,0.51,0.49,0.61,-3.04,-1.46,-1.9,40.99,-41.01,-39.08,0.77,0.32,0.86,0.5,0.49,0.6,1.0,-1.0,-1.0,0.0
226.0,1.4,0.77,0.32,0.86,0.5,0.49,0.6,-3.18,-1.57,-2.04,40.61,-39.27,-38.25,0.74,0.32,0.86,0.49,0.49,0.59,1.0,-1.0,-1.0,0.0
227.0,1.41,0.74,0.32,0.86,0.49,0.49,0.59,-3.34,-1.69,-2.17,40.84,-38.49,-37.09,0.71,0.32,0.86,0.49,0.48,0.58,1.0,-1.0,-1.0,0.0
228.0,1.42,0.71,0.32,0.86,0.49,0.48,0.58,-3.48,-1.77,-2.24,40.36,-37.49,-35.72,0.68,0.32,0.85,0.48,0.47,0.57,1.0,-1.0,-1.0,0.0
229.0,1.43,0.68,0.32,0.85,0.48,0.47,0.57,-3.65,-1.85,-2.3,39.26,-35.9,-34.09,0.65,0.32,0.85,0.47,0.47,0.56,1.0,-1.0,-1.0,0.0
230.0,1.44,0.65,0.32,0.85,0.47,0.47,0.56,-3.84,-1.93,-2.36,38.09,-34.44,-32.36,0.62,0.32,0.85,0.46,0.46,0.56,1.0,-1.0,-1.0,0.0
231.0,1.45,0.62,0.32,0.85,0.46,0.46,0.56,-4.06,-2.0,-2.43,37.18,-34.07,-30.84,0.59,0.32,0.84,0.45,0.45,0.55,1.0,-1.0,-1.0,0.0
232.0,1.46,0.59,0.32,0.84,0.45,0.45,0.55,-4.28,-2.06,-2.49,36.28,-34.39,-29.84,0.56,0.32,0.84,0.44,0.45,0.54,1.0,-1.0,-1.0,0.0
233.0,1.47,0.56,0.32,0.84,0.44,0.45,0.54,-4.5,-2.12,-2.55,35.11,-34.47,-29.45,0.53,0.32,0.83,0.43,0.44,0.54,1.0,-1.0,-1.0,0.0
234.0,1.48,0.53,0.32,0.83,0.43,0.44,0.54,-4.67,-2.16,-2.61,33.61,-34.0,-29.53,0.5,0.32,0.83,0.42,0.43,0.53,1.0,-1.0,-1.0,0.0
235.0,1.49,0.5,0.32,0.83,0.42,0.43,0.53,-4.79,-2.19,-2.68,31.96,-33.23,-29.82,0.47,0.32,0.82,0.41,0.42,0.53,1.0,-1.0,-1.0,0.0
236.0,1.5,0.47,0.32,0.82,0.41,0.42,0.53,-4.85,-2.21,-2.74,30.4,-32.52,-30.02,0.44,0.32,0.82,0.41,0.41,0.52,1.0,-1.0,-1.0,0.0
237.0,1.51,0.44,0.32,0.82,0.41,0.41,0.52,-4.84,-2.22,-2.81,29.03,-32.1,-29.98,0.41,0.32,0.81,0.4,0.4,0.52,1.0,-1.0,-1.0,0.0
238.0,1.52,0.41,0.32,0.81,0.4,0.4,0.52,-4.77,-2.23,-2.88,27.82,-31.88,-29.68,0.38,0.32,0.8,0.39,0.39,0.52,1.0,-1.0,-1.0,0.0
239.0,1.53,0.38,0.32,0.8,0.39,0.39,0.52,-4.65,-2.23,-2.96,26.66,-31.56,-29.17,0.35,0.32,0.8,0.38,0.38,0.52,1.0,-1.0,-1.0,0.0
240.0,1.54,0.35,0.32,0.8,0.38,0.38,0.52,-4.51,-2.22,-3.05,25.5,-30.86,-28.46,0.32,0.32,0.79,0.37,0.37,0.52,1.0,-1.0,-1.0,0.0
241.0,1.55,0.32,0.32,0.79,0.37,0.37,0.52,-4.37,-2.22,-3.15,24.33,-29.7,-27.54,0.29,0.32,0.79,0.37,0.36,0.52,1.0,-1.0,-1.0,0.0
242.0,1.56,0.29,0.32,0.79,0.37,0.36,0.52,-4.21,-2.21,-3.27,23.21,-28.17,-26.4,0.26,0.32,0.78,0.36,0.35,0.52,1.0,-1.0,-1.0,0.0
243.0,1.57,0.26,0.32,0.78,0.36,0.35,0.52,-4.02,-2.21,-3.37,22.37,-26.5,-25.08,0.23,0.32,0.77,0.35,0.34,0.52,1.0,-1.0,-1.0,0.0
244.0,1.58,0.23,0.32,0.77,0.35,0.34,0.52,-3.82,-2.21,-3.47,21.63,-24.76,-23.64,0.2,0.32,0.77,0.34,0.33,0.52,1.0,-1.0,-1.0,0.0
245.0,1.59,0.2,0.32,0.77,0.34,0.33,0.52,-3.62,-2.22,-3.57,20.97,-23.09,-22.12,0.17,0.32,0.76,0.33,0.32,0.52,1.0,-1.0,-1.0,0.0
246.0,1.6,0.17,0.32,0.76,0.33,0.32,0.52,-3.39,-2.24,-3.66,20.41,-21.62,-20.57,0.14,0.32,0.75,0.33,0.31,0.52,1.0,-1.0,-1.0,0.0
247.0,1.61,0.14,0.32,0.75,0.33,0.31,0.52,-3.13,-2.27,-3.76,19.92,-20.38,-19.05,0.11,0.32,0.75,0.32,0.3,0.52,1.0,-1.0,-1.0,0.0
248.0,1.62,0.11,0.32,0.75,0.32,0.3,0.52,-2.82,-2.31,-3.84,19.5,-19.39,-17.63,0.08,0.31,0.74,0.31,0.29,0.52,1.0,-1.0,-1.0,0.0
249.0,1.63,0.08,0.31,0.74,0.31,0.29,0.52,-2.14,-2.29,-3.73,19.33,-19.03,-17.46,0.07,0.29,0.74,0.3,0.28,0.52,1.0,-1.0,-1.0,0.0
250.0,1.64,0.07,0.29,0.74,0.3,0.28,0.52,-1.08,-2.2,-3.32,18.63,-18.89,-19.02,0.08,0.26,0.73,0.3,0.27,0.52,1.0,-1.0,-1.0,0.0
251.0,1.65,0.08,0.26,0.73,0.3,0.27,0.52,-0.3,-2.18,-2.66,16.36,-19.53,-23.26,0.11,0.25,0.72,0.29,0.26,0.51,1.0,-1.0,-1.0,0.0
252.0,1.66,0.11,0.25,0.72,0.29,0.26,0.51,-0.9,-2.51,-2.0,13.52,-20.1,-23.04,0.13,0.23,0.72,0.28,0.26,0.5,1.0,-1.0,-1.0,0.0
253.0,1.67,0.13,0.23,0.72,0.28,0.26,0.5,-1.31,-2.37,-1.41,14.72,-19.17,-19.09,0.14,0.2,0.71,0.27,0.26,0.49,1.0,-1.0,-1.0,0.0
254.0,1.68,0.14,0.2,0.71,0.27,0.26,0.49,-1.05,-2.3,-1.49,14.47,-18.43,-16.14,0.15,0.18,0.7,0.27,0.26,0.48,1.0,-1.0,-1.0,0.0
255.0,1.69,0.15,0.18,0.7,0.27,0.26,0.48,-0.88,-2.23,-1.29,12.84,-17.71,-14.84,0.17,0.15,0.7,0.26,0.26,0.47,1.0,-1.0,-1.0,0.0
256.0,1.7,0.17,0.15,0.7,0.26,0.26,0.47,-0.81,-2.24,-1.18,11.17,-17.28,-13.68,0.19,0.13,0.69,0.25,0.27,0.46,1.0,-1.0,-1.0,0.0
257.0,1.71,0.19,0.13,0.69,0.25,0.27,0.46,-0.8,-2.24,-1.12,9.89,-16.31,-12.62,0.21,0.11,0.68,0.24,0.27,0.45,1.0,-1.0,-1.0,0.0
258.0,1.72,0.21,0.11,0.68,0.24,0.27,0.45,-0.81,-2.23,-1.09,9.39,-14.75,-11.6,0.23,0.09,0.68,0.24,0.28,0.45,1.0,-1.0,-1.0,0.0
259.0,1.73,0.23,0.09,0.68,0.24,0.28,0.45,-0.82,-2.21,-1.07,9.31,-12.89,-10.6,0.25,0.07,0.67,0.23,0.28,0.44,1.0,-1.0,-1.0,0.0
260.0,1.74,0.25,0.07,0.67,0.23,0.28,0.44,-0.81,-2.2,-1.05,9.02,-11.51,-9.62,0.27,0.04,0.67,0.22,0.29,0.43,1.0,-1.0,-1.0,0.0
261.0,1.75,0.27,0.04,0.67,0.22,0.29,0.43,-0.79,-2.18,-1.04,7.84,-11.06,-8.71,0.3,0.02,0.66,0.21,0.29,0.42,1.0,-1.0,-1.0,0.0
262.0,1.76,0.3,0.02,0.66,0.21,0.29,0.42,-0.74,-2.16,-1.02,5.38,-10.92,-7.91,0.32,0.0,0.65,0.2,0.3,0.41,1.0,-1.0,-1.0,0.0
263.0,1.77,0.32,0.0,0.65,0.2,0.3,0.41,-0.65,-2.12,-1.01,1.84,-9.98,-7.29,0.34,0.0,0.65,0.19,0.3,0.4,1.0,-1.0,-1.0,0.0
264.0,1.78,0.34,0.0,0.65,0.19,0.3,0.4,-0.65,-2.08,-0.98,-0.16,-9.3,-6.82,0.37,0.0,0.64,0.19,0.31,0.39,1.0,-1.0,-1.0,0.0
265.0,1.79,0.37,0.0,0.64,0.19,0.31,0.39,-0.69,-2.02,-0.97,-0.84,-8.41,-6.83,0.39,0.0,0.64,0.18,0.31,0.39,1.0,-1.0,-1.0,0.0
266.0,1.8,0.39,0.0,0.64,0.18,0.31,0.39,-0.81,-1.95,-0.96,-0.95,-7.1,-7.2,0.41,0.0,0.64,0.17,0.32,0.38,1.0,-1.0,-1.0,0.0
267.0,1.81,0.41,0.0,0.64,0.17,0.32,0.38,-1.01,-1.89,-0.95,-1.29,-5.54,-7.33,0.42,0.0,0.63,0.16,0.32,0.37,1.0,-1.0,-1.0,0.0
268.0,1.82,0.42,0.0,0.63,0.16,0.32,0.37,-1.31,-1.89,-0.97,-2.41,-4.07,-6.62,0.43,0.0,0.63,0.15,0.33,0.36,1.0,-1.0,-1.0,0.0
269.0,1.83,0.43,0.0,0.63,0.15,0.33,0.36,-1.72,-2.01,-1.05,-4.54,-3.13,-4.74,0.43,0.0,0.63,0.14,0.34,0.35,1.0,-1.0,-1.0,0.0
270.0,1.84,0.43,0.0,0.63,0.14,0.34,0.35,-2.28,-2.31,-1.25,-7.52,-3.13,-1.47,0.41,0.0,0.62,0.13,0.34,0.34,1.0,-1.0,-1.0,0.0
271.0,1.85,0.41,0.0,0.62,0.13,0.34,0.34,-3.05,-2.86,-1.73,-8.59,-3.81,2.64,0.38,0.0,0.61,0.13,0.34,0.33,1.0,-1.0,-1.0,0.0
272.0,1.86,0.38,0.0,0.61,0.13,0.34,0.33,-4.09,-3.47,-2.62,-8.83,-5.1,4.86,0.35,0.0,0.6,0.13,0.33,0.33,1.0,-1.0,-1.0,0.0
273.0,1.87,0.35,0.0,0.6,0.13,0.33,0.33,-4.51,-3.61,-2.91,-10.0,-5.36,5.97,0.32,0.0,0.59,0.13,0.32,0.33,1.0,-1.0,-1.0,0.0
274.0,1.88,0.32,0.0,0.59,0.13,0.32,0.33,-4.53,-3.6,-3.01,-10.58,-5.6,6.6,0.29,0.0,0.58,0.13,0.31,0.33,1.0,-1.0,-1.0,0.0
275.0,1.89,0.29,0.0,0.58,0.13,0.31,0.33,-4.44,-3.56,-3.08,-11.09,-5.79,7.28,0.26,0.0,0.57,0.13,0.3,0.32,1.0,-1.0,-1.0,0.0
276.0,1.9,0.26,0.0,0.57,0.13,0.3,0.32,-4.31,-3.52,-3.13,-11.81,-5.96,8.14,0.23,0.0,0.56,0.13,0.29,0.32,1.0,-1.0,-1.0,0.0
277.0,1.91,0.23,0.0,0.56,0.13,0.29,0.32,-4.17,-3.46,-3.19,-12.69,-6.1,9.14,0.2,0.0,0.55,0.13,0.28,0.32,1.0,-1.0,-1.0,0.0
278.0,1.92,0.2,0.0,0.55,0.13,0.28,0.32,-3.98,-3.39,-3.22,-13.52,-6.11,10.14,0.17,0.0,0.54,0.13,0.27,0.32,1.0,-1.0,-1.0,0.0
279.0,1.93,0.17,0.0,0.54,0.13,0.27,0.32,-3.78,-3.32,-3.24,-14.27,-6.03,11.16,0.14,0.0,0.53,0.13,0.26,0.32,1.0,-1.0,-1.0,0.0
280.0,1.94,0.14,0.0,0.53,0.13,0.26,0.32,-3.54,-3.24,-3.25,-14.86,-5.83,12.2,0.11,0.0,0.52,0.13,0.25,0.32,1.0,-1.0,-1.0,0.0
281.0,1.95,0.11,0.0,0.52,0.13,0.25,0.32,-3.26,-3.16,-3.26,-15.23,-5.52,13.22,0.08,0.0,0.51,0.13,0.24,0.32,1.0,-1.0,-1.0,0.0
282.0,1.96,0.08,0.0,0.51,0.13,0.24,0.32,-2.94,-3.07,-3.26,-15.41,-5.07,14.24,0.05,0.0,0.5,0.13,0.23,0.32,1.0,-1.0,-1.0,0.0
283.0,1.97,0.05,0.0,0.5,0.13,0.23,0.32,-2.18,-2.99,-3.24,-14.96,-4.18,14.68,0.03,0.0,0.49,0.13,0.22,0.32,1.0,-1.0,-1.0,0.0
284.0,1.98,0.03,0.0,0.49,0.13,0.22,0.32,-0.4,-2.86,-3.11,-13.42,-2.41,13.02,0.06,0.0,0.48,0.12,0.21,0.32,1.0,-1.0,-1.0,0.0
285.0,1.99,0.06,0.0,0.48,0.12,0.21,0.32,0.42,-2.85,-2.93,-11.71,1.2,8.34,0.09,0.01,0.47,0.12,0.2,0.32,1.0,-1.0,-1.0,0.0
286.0,2.0,0.09,0.01,0.47,0.12,0.2,0.32,0.03,-3.39,-3.18,-14.58,3.64,8.88,0.12,0.01,0.46,0.12,0.19,0.32,1.0,-1.0,-1.0,0.0
287.0,2.01,0.12,0.01,0.46,0.12,0.19,0.32,-0.68,-3.25,-2.54,-15.15,1.92,6.98,0.57,0.24,0.11,0.67,0.89,0.94,1.0,-1.0,-1.0,1.0
288.0,0.0,0.57,0.24,0.11,0.67,0.89,0.94,-0.22,-2.34,-1.97,59.4,-75.39,-77.1,0.6,0.23,0.1,0.66,0.89,0.94,1.0,-1.0,-1.0,0.0
289.0,0.01,0.6,0.23,0.1,0.66,0.89,0.94,0.8,-2.25,-2.03,60.09,-77.99,-77.06,0.62,0.25,0.1,0.65,0.88,0.93,1.0,-1.0,-1.0,0.0
290.0,0.02,0.62,0.25,0.1,0.65,0.88,0.93,1.22,-1.87,-1.91,58.11,-73.54,-76.28,0.63,0.28,0.09,0.64,0.88,0.92,1.0,-1.0,-1.0,0.0
291.0,0.03,0.63,0.28,0.09,0.64,0.88,0.92,1.22,-1.69,-1.83,57.19,-69.29,-74.59,0.64,0.31,0.09,0.63,0.88,0.91,1.0,-1.0,-1.0,0.0
292.0,0.04,0.64,0.31,0.09,0.63,0.88,0.91,1.21,-1.67,-1.76,57.52,-67.92,-73.97,0.66,0.34,0.09,0.62,0.87,0.9,1.0,-1.0,-1.0,0.0
293.0,0.05,0.66,0.34,0.09,0.62,0.87,0.9,1.32,-1.63,-1.69,58.35,-67.61,-73.98,0.66,0.36,0.09,0.61,0.87,0.89,1.0,-1.0,-1.0,0.0
294.0,0.06,0.66,0.36,0.09,0.61,0.87,0.89,1.42,-1.58,-1.64,59.29,-67.43,-73.6,0.67,0.39,0.09,0.6,0.87,0.88,1.0,-1.0,-1.0,0.0
295.0,0.07,0.67,0.39,0.09,0.6,0.87,0.88,1.37,-1.51,-1.61,60.56,-66.3,-72.38,0.67,0.42,0.09,0.59,0.87,0.87,1.0,-1.0,-1.0,0.0
296.0,0.08,0.67,0.42,0.09,0.59,0.87,0.87,1.12,-1.42,-1.55,61.4,-65.22,-70.73,0.69,0.45,0.09,0.58,0.87,0.86,1.0,-1.0,-1.0,0.0
297.0,0.09,0.69,0.45,0.09,0.58,0.87,0.86,0.65,-1.33,-1.47,60.43,-64.44,-69.38,0.71,0.47,0.09,0.57,0.87,0.85,1.0,-1.0,-1.0,0.0
298.0,0.1,0.71,0.47,0.09,0.57,0.87,0.85,-0.14,-1.26,-1.35,59.13,-63.87,-68.48,0.74,0.46,0.1,0.56,0.87,0.84,1.0,-1.0,-1.0,0.0
299.0,0.11,0.74,0.46,0.1,0.56,0.87,0.84,-0.9,-1.29,-1.32,59.33,-64.5,-67.84,0.76,0.44,0.1,0.55,0.88,0.83,1.0,-1.0,-1.0,0.0
300.0,0.12,0.76,0.44,0.1,0.55,0.88,0.83,-1.21,-1.41,-1.4,60.22,-65.55,-67.43,0.77,0.41,0.1,0.54,0.88,0.82,1.0,-1.0,-1.0,0.0
301.0,0.13,0.77,0.41,0.1,0.54,0.88,0.82,-1.23,-1.49,-1.43,60.98,-65.67,-66.97,0.78,0.39,0.1,0.53,0.88,0.81,1.0,-1.0,-1.0,0.0
302.0,0.14,0.78,0.39,0.1,0.53,0.88,0.81,-1.08,-1.52,-1.41,61.65,-65.4,-66.5,0.79,0.36,0.1,0.52,0.88,0.8,1.0,-1.0,-1.0,0.0
303.0,0.15,0.79,0.36,0.1,0.52,0.88,0.8,-0.88,-1.52,-1.36,62.23,-64.91,-66.23,0.81,0.34,0.1,0.51,0.88,0.79,1.0,-1.0,-1.0,0.0
304.0,0.16,0.81,0.34,0.1,0.51,0.88,0.79,-0.72,-1.48,-1.3,62.56,-64.21,-66.32,0.84,0.32,0.1,0.5,0.89,0.78,1.0,-1.0,-1.0,0.0
305.0,0.17,0.84,0.32,0.1,0.5,0.89,0.78,-0.61,-1.45,-1.23,62.55,-63.31,-66.58,0.86,0.3,0.11,0.49,0.89,0.77,1.0,-1.0,-1.0,0.0
306.0,0.18,0.86,0.3,0.11,0.49,0.89,0.77,-0.53,-1.42,-1.18,62.25,-62.25,-66.59,0.89,0.28,0.11,0.48,0.89,0.76,1.0,-1.0,-1.0,0.0
307.0,0.19,0.89,0.28,0.11,0.48,0.89,0.76,-0.46,-1.39,-1.12,61.64,-61.05,-65.98,0.91,0.27,0.11,0.47,0.9,0.75,1.0,-1.0,-1.0,0.0
308.0,0.2,0.91,0.27,0.11,0.47,0.9,0.75,-0.39,-1.36,-1.06,60.71,-59.73,-64.6,0.94,0.26,0.11,0.46,0.9,0.74,1.0,-1.0,-1.0,0.0
309.0,0.21,0.94,0.26,0.11,0.46,0.9,0.74,-0.31,-1.33,-1.0,59.41,-58.34,-62.53,0.97,0.25,0.11,0.45,0.91,0.73,1.0,-1.0,-1.0,0.0
310.0,0.22,0.97,0.25,0.11,0.45,0.91,0.73,-0.21,-1.3,-0.93,57.72,-56.89,-59.95,1.0,0.24,0.12,0.45,0.91,0.73,1.0,-1.0,-1.0,0.0
311.0,0.23,1.0,0.24,0.12,0.45,0.91,0.73,-0.05,-1.26,-0.84,55.65,-55.4,-57.08,1.0,0.24,0.12,0.44,0.92,0.72,1.0,-1.0,-1.0,0.0
312.0,0.24,1.0,0.24,0.12,0.44,0.92,0.72,0.13,-1.23,-0.81,54.69,-54.83,-56.56,1.0,0.25,0.12,0.43,0.93,0.71,1.0,-1.0,-1.0,0.0
313.0,0.25,1.0,0.25,0.12,0.43,0.93,0.71,0.28,-1.2,-0.76,53.74,-54.29,-56.23,1.0,0.25,0.13,0.42,0.94,0.7,1.0,-1.0,-1.0,0.0
314.0,0.26,1.0,0.25,0.13,0.42,0.94,0.7,0.32,-1.15,-0.72,52.91,-53.76,-56.07,1.0,0.26,0.13,0.41,0.94,0.7,1.0,-1.0,-1.0,0.0
315.0,0.27,1.0,0.26,0.13,0.41,0.94,0.7,0.21,-1.1,-0.71,52.36,-53.27,-56.05,1.0,0.27,0.13,0.4,0.95,0.69,1.0,-1.0,-1.0,0.0
316.0,0.28,1.0,0.27,0.13,0.4,0.95,0.69,-0.04,-1.07,-0.71,52.05,-52.84,-56.05,1.0,0.27,0.14,0.39,0.96,0.68,1.0,-1.0,-1.0,0.0
317.0,0.29,1.0,0.27,0.14,0.39,0.96,0.68,-0.4,-1.07,-0.73,51.82,-52.63,-55.95,1.0,0.26,0.14,0.38,0.97,0.68,1.0,-1.0,-1.0,0.0
318.0,0.3,1.0,0.26,0.14,0.38,0.97,0.68,-0.78,-1.1,-0.8,51.31,-52.73,-55.58,1.0,0.24,0.15,0.37,0.97,0.67,1.0,-1.0,-1.0,0.0
319.0,0.31,1.0,0.24,0.15,0.37,0.97,0.67,-1.06,-1.16,-0.91,50.16,-52.73,-54.88,1.0,0.21,0.15,0.36,0.98,0.66,1.0,-1.0,-1.0,0.0
320.0,0.32,1.0,0.21,0.15,0.36,0.98,0.66,-1.21,-1.21,-1.01,48.48,-52.22,-54.02,1.0,0.18,0.16,0.35,0.98,0.65,1.0,-1.0,-1.0,0.0
321.0,0.33,1.0,0.18,0.16,0.35,0.98,0.65,-1.24,-1.25,-1.09,46.81,-51.37,-53.31,1.0,0.15,0.16,0.34,0.99,0.65,1.0,-1.0,-1.0,0.0
322.0,0.34,1.0,0.15,0.16,0.34,0.99,0.65,-1.17,-1.28,-1.13,45.52,-50.42,-52.82,1.0,0.12,0.16,0.33,0.99,0.64,1.0,-1.0,-1.0,0.0
323.0,0.35,1.0,0.12,0.16,0.33,0.99,0.64,-1.0,-1.29,-1.17,44.65,-49.5,-52.49,1.0,0.1,0.16,0.33,1.0,0.63,1.0,-1.0,-1.0,0.0
324.0,0.36,1.0,0.1,0.16,0.33,1.0,0.63,-0.77,-1.29,-1.18,44.03,-48.69,-52.14,1.0,0.08,0.17,0.32,1.0,0.62,1.0,-1.0,-1.0,0.0
325.0,0.37,1.0,0.08,0.17,0.32,1.0,0.62,-0.47,-1.27,-1.19,43.37,-48.05,-51.63,1.0,0.07,0.17,0.31,1.0,0.61,1.0,-1.0,-1.0,0.0
326.0,0.38,1.0,0.07,0.17,0.31,1.0,0.61,-0.13,-1.23,-1.16,42.74,-47.71,-50.86,1.0,0.06,0.17,0.3,1.0,0.6,1.0,-1.0,-1.0,0.0
327.0,0.39,1.0,0.06,0.17,0.3,1.0,0.6,0.24,-1.18,-1.12,41.62,-47.77,-49.6,1.0,0.07,0.18,0.29,1.0,0.59,1.0,-1.0,-1.0,0.0
328.0,0.4,1.0,0.07,0.18,0.29,1.0,0.59,0.65,-1.13,-1.05,39.75,-48.21,-47.72,1.0,0.09,0.18,0.28,1.0,0.58,1.0,-1.0,-1.0,0.0
329.0,0.41,1.0,0.09,0.18,0.28,1.0,0.58,1.13,-1.06,-0.98,37.45,-48.83,-45.42,1.0,0.11,0.19,0.27,1.0,0.57,1.0,-1.0,-1.0,0.0
330.0,0.42,1.0,0.11,0.19,0.27,1.0,0.57,1.63,-0.94,-0.98,35.93,-48.93,-43.02,1.0,0.14,0.19,0.26,1.0,0.57,1.0,-1.0,-1.0,0.0
331.0,0.43,1.0,0.14,0.19,0.26,1.0,0.57,1.83,-0.68,-1.11,35.48,-47.2,-40.51,0.99,0.17,0.2,0.26,1.0,0.56,1.0,-1.0,-1.0,0.0
332.0,0.44,0.99,0.17,0.2,0.26,1.0,0.56,1.58,-0.45,-1.25,34.96,-44.92,-38.45,0.99,0.2,0.21,0.25,1.0,0.55,1.0,-1.0,-1.0,0.0
333.0,0.45,0.99,0.2,0.21,0.25,1.0,0.55,0.93,-0.33,-1.19,33.45,-43.88,-36.31,1.0,0.23,0.22,0.25,1.0,0.54,1.0,-1.0,-1.0,0.0
334.0,0.46,1.0,0.23,0.22,0.25,1.0,0.54,0.07,-0.29,-0.95,30.31,-43.45,-34.21,1.0,0.23,0.23,0.24,1.0,0.53,1.0,-1.0,-1.0,0.0
335.0,0.47,1.0,0.23,0.23,0.24,1.0,0.53,-0.85,-0.34,-0.8,27.42,-42.32,-34.73,1.0,0.21,0.24,0.24,1.0,0.52,1.0,-1.0,-1.0,0.0
336.0,0.48,1.0,0.21,0.24,0.24,1.0,0.52,-1.9,-0.56,-0.83,25.91,-40.33,-35.68,0.99,0.18,0.25,0.24,1.0,0.52,1.0,-1.0,-1.0,0.0
337.0,0.49,0.99,0.18,0.25,0.24,1.0,0.52,-3.0,-0.85,-1.11,24.34,-39.17,-36.03,0.96,0.17,0.25,0.23,1.0,0.51,1.0,-1.0,-1.0,0.0
338.0,0.5,0.96,0.17,0.25,0.23,1.0,0.51,-3.81,-0.97,-1.92,24.1,-38.13,-37.61,0.93,0.17,0.26,0.22,1.0,0.5,1.0,-1.0,-1.0,0.0
339.0,0.51,0.93,0.17,0.26,0.22,1.0,0.5,-3.98,-1.0,-2.27,25.0,-37.59,-37.69,0.9,0.17,0.26,0.21,0.99,0.49,1.0,-1.0,-1.0,0.0
340.0,0.52,0.9,0.17,0.26,0.21,0.99,0.49,-3.92,-0.97,-2.45,25.15,-36.83,-37.1,0.87,0.17,0.27,0.2,0.98,0.48,1.0,-1.0,-1.0,0.0
341.0,0.53,0.87,0.17,0.27,0.2,0.98,0.48,-3.81,-0.93,-2.62,24.56,-35.53,-36.16,0.84,0.17,0.28,0.2,0.97,0.48,1.0,-1.0,-1.0,0.0
342.0,0.54,0.84,0.17,0.28,0.2,0.97,0.48,-3.67,-0.89,-2.81,23.83,-33.97,-34.99,0.81,0.17,0.28,0.19,0.96,0.47,1.0,-1.0,-1.0,0.0
343.0,0.55,0.81,0.17,0.28,0.19,0.96,0.47,-3.48,-0.87,-3.03,23.54,-32.5,-33.76,0.78,0.17,0.29,0.18,0.95,0.47,1.0,-1.0,-1.0,0.0
344.0,0.56,0.78,0.17,0.29,0.18,0.95,0.47,-3.25,-0.86,-3.29,23.94,-31.51,-32.65,0.75,0.17,0.29,0.17,0.94,0.47,1.0,-1.0,-1.0,0.0
345.0,0.57,0.75,0.17,0.29,0.17,0.94,0.47,-2.99,-0.85,-3.55,24.44,-30.56,-31.81,0.72,0.17,0.3,0.16,0.93,0.47,1.0,-1.0,-1.0,0.0
346.0,0.58,0.72,0.17,0.3,0.16,0.93,0.47,-2.5,-0.84,-3.6,24.32,-29.7,-31.05,0.7,0.15,0.31,0.16,0.92,0.47,1.0,-1.0,-1.0,0.0
347.0,0.59,0.7,0.15,0.31,0.16,0.92,0.47,-1.65,-0.84,-3.24,23.55,-29.95,-29.89,0.69,0.12,0.31,0.15,0.91,0.47,1.0,-1.0,-1.0,0.0
348.0,0.6,0.69,0.12,0.31,0.15,0.91,0.47,-0.42,-0.88,-2.52,23.8,-32.47,-28.09,0.72,0.11,0.32,0.14,0.91,0.47,1.0,-1.0,-1.0,0.0
349.0,0.61,0.72,0.11,0.32,0.14,0.91,0.47,0.97,-0.87,-2.04,25.13,-33.16,-25.17,0.74,0.13,0.33,0.13,0.9,0.46,1.0,-1.0,-1.0,0.0
350.0,0.62,0.74,0.13,0.33,0.13,0.9,0.46,2.15,-0.53,-2.08,25.01,-32.2,-23.8,0.72,0.16,0.34,0.13,0.9,0.45,1.0,-1.0,-1.0,0.0
351.0,0.63,0.72,0.16,0.34,0.13,0.9,0.45,2.92,-0.1,-2.6,28.74,-35.31,-27.69,0.69,0.17,0.35,0.13,0.89,0.44,1.0,-1.0,-1.0,0.0
352.0,0.64,0.69,0.17,0.35,0.13,0.89,0.44,2.61,0.03,-3.16,33.86,-40.73,-33.11,0.67,0.18,0.36,0.13,0.88,0.44,1.0,-1.0,-1.0,0.0
353.0,0.65,0.67,0.18,0.36,0.13,0.88,0.44,2.55,-0.04,-3.48,33.27,-40.47,-32.72,0.64,0.2,0.37,0.13,0.87,0.44,1.0,-1.0,-1.0,0.0
354.0,0.66,0.64,0.2,0.37,0.13,0.87,0.44,2.33,0.08,-3.58,33.71,-40.44,-36.26,0.62,0.22,0.38,0.13,0.86,0.44,1.0,-1.0,-1.0,0.0
355.0,0.67,0.62,0.22,0.38,0.13,0.86,0.44,2.22,0.19,-3.6,34.14,-40.57,-39.26,0.6,0.24,0.39,0.13,0.85,0.44,1.0,-1.0,-1.0,0.0
356.0,0.68,0.6,0.24,0.39,0.13,0.85,0.44,2.11,0.35,-3.64,36.23,-42.35,-42.83,0.59,0.27,0.4,0.13,0.84,0.44,1.0,-1.0,-1.0,0.0
357.0,0.69,0.59,0.27,0.4,0.13,0.84,0.44,2.1,0.55,-3.65,38.37,-44.36,-45.01,0.57,0.29,0.4,0.14,0.83,0.44,1.0,-1.0,-1.0,0.0
358.0,0.7,0.57,0.29,0.4,0.14,0.83,0.44,2.18,0.79,-3.69,39.99,-47.06,-48.05,0.56,0.32,0.41,0.15,0.82,0.44,1.0,-1.0,-1.0,0.0
359.0,0.71,0.56,0.32,0.41,0.15,0.82,0.44,2.32,1.05,-3.73,40.63,-50.15,-52.07,0.54,0.34,0.42,0.16,0.81,0.44,1.0,-1.0,-1.0,0.0
360.0,0.72,0.54,0.34,0.42,0.16,0.81,0.44,2.43,1.28,-3.75,42.12,-52.83,-56.37,0.51,0.36,0.42,0.17,0.8,0.44,1.0,-1.0,-1.0,0.0
361.0,0.73,0.51,0.36,0.42,0.17,0.8,0.44,2.48,1.49,-3.72,46.73,-54.7,-59.9,0.49,0.38,0.42,0.18,0.79,0.44,1.0,-1.0,-1.0,0.0
362.0,0.74,0.49,0.38,0.42,0.18,0.79,0.44,2.51,1.66,-3.67,53.2,-56.93,-62.86,0.46,0.4,0.42,0.19,0.78,0.44,1.0,-1.0,-1.0,0.0
363.0,0.75,0.46,0.4,0.42,0.19,0.78,0.44,2.52,1.8,-3.6,58.94,-59.35,-66.07,0.44,0.41,0.42,0.19,0.77,0.44,1.0,-1.0,-1.0,0.0
364.0,0.76,0.44,0.41,0.42,0.19,0.77,0.44,2.54,1.91,-3.49,62.82,-60.92,-69.26,0.42,0.43,0.41,0.2,0.76,0.44,1.0,-1.0,-1.0,0.0
365.0,0.77,0.42,0.43,0.41,0.2,0.76,0.44,2.55,2.01,-3.33,64.94,-61.41,-71.45,0.39,0.45,0.41,0.21,0.75,0.44,1.0,-1.0,-1.0,0.0
366.0,0.78,0.39,0.45,0.41,0.21,0.75,0.44,2.55,2.09,-3.14,65.87,-61.43,-72.28,0.37,0.47,0.4,0.22,0.74,0.44,1.0,-1.0,-1.0,0.0
367.0,0.79,0.37,0.47,0.4,0.22,0.74,0.44,2.56,2.15,-2.89,66.18,-61.59,-72.14,0.34,0.48,0.4,0.23,0.73,0.44,1.0,-1.0,-1.0,0.0
368.0,0.8,0.34,0.48,0.4,0.23,0.73,0.44,2.54,2.21,-2.02,66.1,-61.44,-71.68,0.32,0.5,0.39,0.24,0.72,0.43,1.0,-1.0,-1.0,0.0
369.0,0.81,0.32,0.5,0.39,0.24,0.72,0.43,2.52,2.32,0.28,64.86,-59.48,-70.8,0.29,0.52,0.39,0.25,0.73,0.44,1.0,-1.0,-1.0,0.0
370.0,0.82,0.29,0.52,0.39,0.25,0.73,0.44,2.54,2.88,2.6,57.93,-55.75,-67.0,0.27,0.53,0.38,0.25,0.73,0.44,1.0,-1.0,-1.0,0.0
371.0,0.83,0.27,0.53,0.38,0.25,0.73,0.44,3.04,3.33,3.23,54.66,-56.44,-61.29,0.24,0.54,0.37,0.25,0.72,0.44,1.0,-1.0,-1.0,0.0
372.0,0.84,0.24,0.54,0.37,0.25,0.72,0.44,2.78,3.29,3.05,54.56,-58.57,-58.92,0.21,0.55,0.36,0.25,0.71,0.44,1.0,-1.0,-1.0,0.0
373.0,0.85,0.21,0.55,0.36,0.25,0.71,0.44,2.88,3.26,2.99,54.15,-58.58,-59.15,0.18,0.55,0.35,0.25,0.7,0.44,1.0,-1.0,-1.0,0.0
374.0,0.86,0.18,0.55,0.35,0.25,0.7,0.44,2.73,3.19,2.89,53.66,-58.82,-58.79,0.15,0.57,0.34,0.25,0.69,0.45,1.0,-1.0,-1.0,0.0
375.0,0.87,0.15,0.57,0.34,0.25,0.69,0.45,2.64,3.11,2.81,52.98,-58.89,-58.81,0.13,0.58,0.33,0.25,0.68,0.45,1.0,-1.0,-1.0,0.0
376.0,0.88,0.13,0.58,0.33,0.25,0.68,0.45,2.46,3.02,2.74,52.11,-59.01,-58.68,0.1,0.6,0.32,0.25,0.67,0.45,1.0,-1.0,-1.0,0.0
377.0,0.89,0.1,0.6,0.32,0.25,0.67,0.45,2.2,2.91,2.68,50.94,-59.21,-58.66,0.09,0.62,0.31,0.25,0.66,0.46,1.0,-1.0,-1.0,0.0
378.0,0.9,0.09,0.62,0.31,0.25,0.66,0.46,1.87,2.79,2.64,49.65,-59.55,-58.65,0.08,0.65,0.3,0.26,0.65,0.46,1.0,-1.0,-1.0,0.0
379.0,0.91,0.08,0.65,0.3,0.26,0.65,0.46,1.58,2.68,2.59,48.63,-59.71,-58.58,0.08,0.68,0.29,0.26,0.64,0.47,1.0,-1.0,-1.0,0.0
380.0,0.92,0.08,0.68,0.29,0.26,0.64,0.47,1.41,2.58,2.54,48.62,-59.12,-58.14,0.08,0.71,0.28,0.27,0.63,0.47,1.0,-1.0,-1.0,0.0
381.0,0.93,0.08,0.71,0.28,0.27,0.63,0.47,1.26,2.52,2.45,49.96,-57.78,-57.35,0.09,0.74,0.27,0.27,0.62,0.48,1.0,-1.0,-1.0,0.0
382.0,0.94,0.09,0.74,0.27,0.27,0.62,0.48,1.1,2.47,2.35,52.35,-56.0,-56.3,0.1,0.77,0.26,0.28,0.62,0.49,1.0,-1.0,-1.0,0.0
383.0,0.95,0.1,0.77,0.26,0.28,0.62,0.49,0.93,2.42,2.23,54.9,-54.78,-54.97,0.12,0.79,0.26,0.28,0.61,0.49,1.0,-1.0,-1.0,0.0
384.0,0.96,0.12,0.79,0.26,0.28,0.61,0.49,0.78,2.36,2.09,56.01,-55.01,-53.55,0.14,0.81,0.25,0.29,0.61,0.5,1.0,-1.0,-1.0,0.0
385.0,0.97,0.14,0.81,0.25,0.29,0.61,0.5,0.62,2.28,1.92,54.96,-55.46,-52.2,0.17,0.83,0.24,0.3,0.6,0.51,1.0,-1.0,-1.0,0.0
386.0,0.98,0.17,0.83,0.24,0.3,0.6,0.51,0.45,2.16,1.73,52.44,-55.07,-50.91,0.19,0.84,0.24,0.31,0.6,0.52,1.0,-1.0,-1.0,0.0
387.0,0.99,0.19,0.84,0.24,0.31,0.6,0.52,0.34,2.01,1.52,50.43,-53.95,-50.41,0.22,0.85,0.23,0.32,0.6,0.53,1.0,-1.0,-1.0,0.0
388.0,1.0,0.22,0.85,0.23,0.32,0.6,0.53,0.33,1.88,1.33,50.19,-52.31,-51.01,0.25,0.86,0.23,0.33,0.6,0.54,1.0,-1.0,-1.0,0.0
389.0,1.01,0.25,0.86,0.23,0.33,0.6,0.54,0.41,1.8,1.21,51.5,-50.31,-51.51,0.28,0.88,0.23,0.34,0.61,0.55,1.0,-1.0,-1.0,0.0
390.0,1.02,0.28,0.88,0.23,0.34,0.61,0.55,0.5,1.75,1.16,53.3,-48.7,-50.88,0.3,0.89,0.23,0.35,0.61,0.56,1.0,-1.0,-1.0,0.0
391.0,1.03,0.3,0.89,0.23,0.35,0.61,0.56,0.58,1.72,1.14,54.02,-48.36,-49.09,0.33,0.91,0.22,0.35,0.62,0.57,1.0,-1.0,-1.0,0.0
392.0,1.04,0.33,0.91,0.22,0.35,0.62,0.57,0.64,1.69,1.13,52.92,-49.04,-47.0,0.35,0.92,0.22,0.36,0.62,0.58,1.0,-1.0,-1.0,0.0
393.0,1.05,0.35,0.92,0.22,0.36,0.62,0.58,0.66,1.67,1.13,50.51,-49.95,-45.69,0.38,0.94,0.22,0.37,0.63,0.59,1.0,-1.0,-1.0,0.0
394.0,1.06,0.38,0.94,0.22,0.37,0.63,0.59,0.63,1.64,1.12,47.73,-50.69,-45.54,0.4,0.96,0.22,0.38,0.63,0.6,1.0,-1.0,-1.0,0.0
395.0,1.07,0.4,0.96,0.22,0.38,0.63,0.6,0.52,1.6,1.09,45.44,-51.26,-46.01,0.43,0.97,0.22,0.39,0.63,0.61,1.0,-1.0,-1.0,0.0
396.0,1.08,0.43,0.97,0.22,0.39,0.63,0.61,0.29,1.57,1.04,44.39,-51.75,-46.2,0.46,0.98,0.22,0.4,0.64,0.61,1.0,-1.0,-1.0,0.0
397.0,1.09,0.46,0.98,0.22,0.4,0.64,0.61,-0.03,1.53,0.97,44.63,-52.25,-46.02,0.49,0.98,0.22,0.41,0.64,0.62,1.0,-1.0,-1.0,0.0
398.0,1.1,0.49,0.98,0.22,0.41,0.64,0.62,-0.27,1.49,0.91,45.27,-52.58,-46.12,0.52,0.97,0.22,0.42,0.65,0.63,1.0,-1.0,-1.0,0.0
399.0,1.11,0.52,0.97,0.22,0.42,0.65,0.63,-0.26,1.43,0.89,45.52,-52.21,-46.22,0.54,0.97,0.22,0.43,0.66,0.64,1.0,-1.0,-1.0,0.0
400.0,1.12,0.54,0.97,0.22,0.43,0.66,0.64,-0.24,1.36,0.88,44.93,-50.94,-45.98,0.57,0.96,0.23,0.44,0.66,0.65,1.0,-1.0,-1.0,0.0
401.0,1.13,0.57,0.96,0.23,0.44,0.66,0.65,-0.25,1.29,0.87,43.86,-49.31,-45.42,0.6,0.95,0.23,0.45,0.67,0.65,1.0,-1.0,-1.0,0.0
402.0,1.14,0.6,0.95,0.23,0.45,0.67,0.65,-0.26,1.21,0.85,42.6,-48.41,-44.73,0.63,0.94,0.23,0.46,0.68,0.66,1.0,-1.0,-1.0,0.0
403.0,1.15,0.63,0.94,0.23,0.46,0.68,0.66,-0.26,1.15,0.84,41.15,-48.32,-44.13,0.66,0.94,0.24,0.47,0.68,0.67,1.0,-1.0,-1.0,0.0
404.0,1.16,0.66,0.94,0.24,0.47,0.68,0.67,-0.21,1.09,0.82,39.6,-48.04,-43.51,0.69,0.93,0.24,0.48,0.69,0.68,1.0,-1.0,-1.0,0.0
405.0,1.17,0.69,0.93,0.24,0.48,0.69,0.68,-0.11,1.04,0.8,38.27,-47.15,-42.45,0.72,0.93,0.25,0.49,0.7,0.68,1.0,-1.0,-1.0,0.0
406.0,1.18,0.72,0.93,0.25,0.49,0.7,0.68,0.03,1.01,0.77,37.31,-45.85,-40.93,0.75,0.93,0.25,0.5,0.7,0.69,1.0,-1.0,-1.0,0.0
407.0,1.19,0.75,0.93,0.25,0.5,0.7,0.69,0.18,1.0,0.75,36.56,-44.42,-39.58,0.78,0.93,0.26,0.51,0.71,0.7,1.0,-1.0,-1.0,0.0
408.0,1.2,0.78,0.93,0.26,0.51,0.71,0.7,0.31,0.99,0.74,35.83,-43.02,-38.82,0.81,0.94,0.26,0.52,0.72,0.7,1.0,-1.0,-1.0,0.0
409.0,1.21,0.81,0.94,0.26,0.52,0.72,0.7,0.38,0.99,0.74,35.04,-41.65,-38.51,0.84,0.95,0.27,0.52,0.73,0.71,1.0,-1.0,-1.0,0.0
410.0,1.22,0.84,0.95,0.27,0.52,0.73,0.71,0.39,0.98,0.74,34.21,-40.26,-38.38,0.86,0.96,0.27,0.53,0.73,0.72,1.0,-1.0,-1.0,0.0
411.0,1.23,0.86,0.96,0.27,0.53,0.73,0.72,0.34,0.98,0.72,33.44,-38.85,-38.26,0.89,0.97,0.28,0.54,0.74,0.72,1.0,-1.0,-1.0,0.0
412.0,1.24,0.89,0.97,0.28,0.54,0.74,0.72,0.23,0.96,0.69,32.78,-37.5,-38.05,0.92,0.98,0.28,0.55,0.75,0.73,1.0,-1.0,-1.0,0.0
413.0,1.25,0.92,0.98,0.28,0.55,0.75,0.73,0.08,0.95,0.65,32.18,-36.35,-37.64,0.95,0.98,0.29,0.56,0.76,0.74,1.0,-1.0,-1.0,0.0
414.0,1.26,0.95,0.98,0.29,0.56,0.76,0.74,-0.11,0.93,0.6,31.44,-35.6,-36.98,0.98,0.98,0.3,0.56,0.77,0.74,1.0,-1.0,-1.0,0.0
415.0,1.27,0.98,0.98,0.3,0.56,0.77,0.74,-0.32,0.9,0.54,30.41,-35.2,-36.2,1.0,0.97,0.3,0.57,0.77,0.75,1.0,-1.0,-1.0,0.0
416.0,1.28,1.0,0.97,0.3,0.57,0.77,0.75,-0.47,0.85,0.48,29.15,-34.35,-35.11,1.0,0.96,0.31,0.58,0.78,0.75,1.0,-1.0,-1.0,0.0
417.0,1.29,1.0,0.96,0.31,0.58,0.78,0.75,-0.47,0.79,0.44,27.77,-32.61,-33.13,1.0,0.94,0.32,0.59,0.79,0.76,1.0,-1.0,-1.0,0.0
418.0,1.3,1.0,0.94,0.32,0.59,0.79,0.76,-0.46,0.73,0.41,26.4,-30.7,-30.64,1.0,0.93,0.32,0.59,0.8,0.76,1.0,-1.0,-1.0,0.0
419.0,1.31,1.0,0.93,0.32,0.59,0.8,0.76,-0.43,0.66,0.39,24.92,-28.87,-27.67,1.0,0.92,0.33,0.6,0.81,0.76,1.0,-1.0,-1.0,0.0
420.0,1.32,1.0,0.92,0.33,0.6,0.81,0.76,-0.42,0.6,0.37,23.23,-27.25,-24.33,1.0,0.91,0.34,0.61,0.82,0.77,1.0,-1.0,-1.0,0.0
421.0,1.33,1.0,0.91,0.34,0.61,0.82,0.77,-0.4,0.54,0.34,21.12,-25.84,-20.63,1.0,0.89,0.35,0.61,0.83,0.77,1.0,-1.0,-1.0,0.0
422.0,1.34,1.0,0.89,0.35,0.61,0.83,0.77,-0.4,0.49,0.32,18.41,-24.57,-16.45,1.0,0.88,0.36,0.62,0.84,0.77,1.0,-1.0,-1.0,0.0
423.0,1.35,1.0,0.88,0.36,0.62,0.84,0.77,-0.41,0.44,0.3,15.02,-23.38,-11.59,1.0,0.87,0.37,0.62,0.85,0.78,1.0,-1.0,-1.0,0.0
424.0,1.36,1.0,0.87,0.37,0.62,0.85,0.78,-0.41,0.39,0.26,10.93,-22.23,-5.88,1.0,0.86,0.37,0.62,0.86,0.78,1.0,-1.0,-1.0,0.0
425.0,1.37,1.0,0.86,0.37,0.62,0.86,0.78,-0.42,0.35,0.23,6.07,-21.08,0.68,1.0,0.85,0.38,0.63,0.87,0.78,1.0,-1.0,-1.0,0.0
426.0,1.38,1.0,0.85,0.38,0.63,0.87,0.78,-0.42,0.3,0.18,0.43,-19.85,7.83,1.0,0.83,0.39,0.63,0.88,0.78,1.0,-1.0,-1.0,0.0
427.0,1.39,1.0,0.83,0.39,0.63,0.88,0.78,-0.4,0.25,0.13,-5.72,-18.52,15.03,1.0,0.82,0.4,0.63,0.89,0.78,1.0,-1.0,-1.0,0.0
428.0,1.4,1.0,0.82,0.4,0.63,0.89,0.78,-0.38,0.2,0.07,-11.92,-17.12,21.61,1.0,0.81,0.41,0.63,0.9,0.79,1.0,-1.0,-1.0,0.0
429.0,1.41,1.0,0.81,0.41,0.63,0.9,0.79,-0.37,0.14,0.02,-17.69,-15.76,27.05,0.35,0.06,0.54,0.39,0.26,0.94,-100.0,50.0,100.0,1.0
430.0,0.0,0.35,0.06,0.54,0.39,0.26,0.94,-0.21,-1.49,-1.99,64.33,-72.5,-75.27,0.38,0.05,0.54,0.38,0.26,0.93,1.0,-1.0,-1.0,0.0
431.0,0.01,0.38,0.05,0.54,0.38,0.26,0.93,0.14,-1.13,-1.28,61.33,-68.91,-80.48,0.41,0.05,0.55,0.37,0.26,0.93,1.0,-1.0,-1.0,0.0
432.0,0.02,0.41,0.05,0.55,0.37,0.26,0.93,0.16,-1.36,-1.4,62.44,-69.9,-81.72,0.44,0.06,0.55,0.36,0.26,0.92,1.0,-1.0,-1.0,0.0
433.0,0.03,0.44,0.06,0.55,0.36,0.26,0.92,0.29,-1.34,-1.25,62.87,-69.29,-79.73,0.47,0.07,0.55,0.35,0.26,0.91,1.0,-1.0,-1.0,0.0
434.0,0.04,0.47,0.07,0.55,0.35,0.26,0.91,0.25,-1.37,-1.19,63.08,-69.64,-77.3,0.5,0.08,0.55,0.34,0.27,0.9,1.0,-1.0,-1.0,0.0
435.0,0.05,0.5,0.08,0.55,0.34,0.27,0.9,0.23,-1.38,-1.14,63.09,-70.04,-74.26,0.53,0.08,0.55,0.33,0.27,0.89,1.0,-1.0,-1.0,0.0
436.0,0.06,0.53,0.08,0.55,0.33,0.27,0.89,0.21,-1.36,-1.1,63.0,-69.74,-71.9,0.56,0.09,0.56,0.32,0.28,0.88,1.0,-1.0,-1.0,0.0
437.0,0.07,0.56,0.09,0.56,0.32,0.28,0.88,0.19,-1.32,-1.06,62.54,-68.47,-69.98,0.59,0.09,0.56,0.31,0.28,0.87,1.0,-1.0,-1.0,0.0
438.0,0.08,0.59,0.09,0.56,0.31,0.28,0.87,0.13,-1.26,-1.04,61.45,-67.58,-68.16,0.62,0.1,0.56,0.31,0.29,0.86,1.0,-1.0,-1.0,0.0
439.0,0.09,0.62,0.1,0.56,0.31,0.29,0.86,0.04,-1.2,-1.02,60.31,-68.02,-66.33,0.65,0.1,0.57,0.3,0.29,0.85,1.0,-1.0,-1.0,0.0
440.0,0.1,0.65,0.1,0.57,0.3,0.29,0.85,-0.08,-1.15,-1.02,59.85,-68.47,-64.74,0.68,0.1,0.57,0.29,0.3,0.84,1.0,-1.0,-1.0,0.0
441.0,0.11,0.68,0.1,0.57,0.29,0.3,0.84,-0.17,-1.12,-1.01,60.04,-68.08,-63.78,0.71,0.09,0.57,0.28,0.3,0.84,1.0,-1.0,-1.0,0.0
442.0,0.12,0.71,0.09,0.57,0.28,0.3,0.84,-0.22,-1.1,-1.01,60.29,-67.45,-63.6,0.74,0.08,0.58,0.27,0.31,0.83,1.0,-1.0,-1.0,0.0
443.0,0.13,0.74,0.08,0.58,0.27,0.31,0.83,-0.23,-1.06,-1.0,60.02,-67.24,-64.04,0.77,0.08,0.58,0.26,0.31,0.82,1.0,-1.0,-1.0,0.0
444.0,0.14,0.77,0.08,0.58,0.26,0.31,0.82,-0.2,-1.02,-0.98,58.9,-67.52,-64.67,0.8,0.07,0.59,0.25,0.32,0.81,1.0,-1.0,-1.0,0.0
445.0,0.15,0.8,0.07,0.59,0.25,0.32,0.81,-0.12,-0.97,-0.96,56.98,-67.96,-64.81,0.83,0.07,0.59,0.24,0.33,0.8,1.0,-1.0,-1.0,0.0
446.0,0.16,0.83,0.07,0.59,0.24,0.33,0.8,0.01,-0.93,-0.91,54.51,-68.11,-63.74,0.86,0.07,0.6,0.24,0.33,0.79,1.0,-1.0,-1.0,0.0
447.0,0.17,0.86,0.07,0.6,0.24,0.33,0.79,0.22,-0.88,-0.84,51.71,-67.52,-61.1,0.89,0.08,0.61,0.23,0.34,0.79,1.0,-1.0,-1.0,0.0
448.0,0.18,0.89,0.08,0.61,0.23,0.34,0.79,0.51,-0.84,-0.75,49.05,-66.0,-57.55,0.91,0.09,0.61,0.22,0.35,0.78,1.0,-1.0,-1.0,0.0
449.0,0.19,0.91,0.09,0.61,0.22,0.35,0.78,0.85,-0.78,-0.63,47.9,-64.53,-54.74,0.93,0.11,0.62,0.21,0.35,0.77,1.0,-1.0,-1.0,0.0
450.0,0.2,0.93,0.11,0.62,0.21,0.35,0.77,1.12,-0.68,-0.46,49.85,-65.18,-53.41,0.94,0.14,0.63,0.21,0.36,0.77,1.0,-1.0,-1.0,0.0
451.0,0.21,0.94,0.14,0.63,0.21,0.36,0.77,1.24,-0.55,-0.27,52.75,-65.89,-52.79,0.95,0.17,0.64,0.2,0.37,0.77,1.0,-1.0,-1.0,0.0
452.0,0.22,0.95,0.17,0.64,0.2,0.37,0.77,1.29,-0.42,-0.09,53.55,-65.68,-52.3,0.96,0.2,0.65,0.2,0.38,0.77,1.0,-1.0,-1.0,0.0
453.0,0.23,0.96,0.2,0.65,0.2,0.38,0.77,1.36,-0.27,0.07,52.2,-65.29,-51.97,0.97,0.23,0.66,0.19,0.39,0.77,1.0,-1.0,-1.0,0.0
454.0,0.24,0.97,0.23,0.66,0.19,0.39,0.77,1.5,-0.06,0.22,50.18,-63.59,-51.8,0.97,0.26,0.67,0.19,0.4,0.77,1.0,-1.0,-1.0,0.0
455.0,0.25,0.97,0.26,0.67,0.19,0.4,0.77,1.7,0.24,0.33,49.84,-62.22,-51.69,0.97,0.29,0.68,0.2,0.41,0.77,1.0,-1.0,-1.0,0.0
456.0,0.26,0.97,0.29,0.68,0.2,0.41,0.77,1.88,0.5,0.37,52.01,-60.44,-51.56,0.96,0.31,0.68,0.2,0.42,0.78,1.0,-1.0,-1.0,0.0
457.0,0.27,0.96,0.31,0.68,0.2,0.42,0.78,1.98,0.64,0.35,54.6,-58.27,-51.62,0.95,0.34,0.69,0.21,0.43,0.78,1.0,-1.0,-1.0,0.0
458.0,0.28,0.95,0.34,0.69,0.21,0.43,0.78,2.04,0.72,0.3,55.35,-57.34,-52.12,0.93,0.37,0.7,0.21,0.44,0.78,1.0,-1.0,-1.0,0.0
459.0,0.29,0.93,0.37,0.7,0.21,0.44,0.78,2.09,0.79,0.25,54.62,-56.99,-53.11,0.92,0.39,0.71,0.22,0.45,0.78,1.0,-1.0,-1.0,0.0
460.0,0.3,0.92,0.39,0.71,0.22,0.45,0.78,2.15,0.87,0.2,54.77,-56.17,-54.48,0.9,0.42,0.71,0.23,0.46,0.79,1.0,-1.0,-1.0,0.0
461.0,0.31,0.9,0.42,0.71,0.23,0.46,0.79,2.24,0.97,0.14,56.65,-55.46,-56.01,0.88,0.44,0.72,0.24,0.47,0.79,1.0,-1.0,-1.0,0.0
462.0,0.32,0.88,0.44,0.72,0.24,0.47,0.79,2.33,1.08,0.08,58.08,-55.66,-57.46,0.86,0.46,0.72,0.25,0.48,0.79,1.0,-1.0,-1.0,0.0
463.0,0.33,0.86,0.46,0.72,0.25,0.48,0.79,2.44,1.19,0.02,57.58,-55.96,-58.63,0.84,0.48,0.73,0.26,0.49,0.79,1.0,-1.0,-1.0,0.0
464.0,0.34,0.84,0.48,0.73,0.26,0.49,0.79,2.55,1.31,-0.05,55.97,-55.18,-59.46,0.81,0.5,0.73,0.26,0.5,0.79,1.0,-1.0,-1.0,0.0
465.0,0.35,0.81,0.5,0.73,0.26,0.5,0.79,2.67,1.42,-0.11,54.04,-53.97,-59.84,0.79,0.51,0.73,0.27,0.51,0.79,1.0,-1.0,-1.0,0.0
466.0,0.36,0.79,0.51,0.73,0.27,0.51,0.79,2.76,1.52,-0.19,52.58,-53.33,-59.39,0.76,0.53,0.73,0.28,0.52,0.79,1.0,-1.0,-1.0,0.0
467.0,0.37,0.76,0.53,0.73,0.28,0.52,0.79,2.78,1.62,-0.27,50.94,-52.65,-57.81,0.73,0.54,0.73,0.29,0.53,0.78,1.0,-1.0,-1.0,0.0
468.0,0.38,0.73,0.54,0.73,0.29,0.53,0.78,2.71,1.7,-0.36,47.02,-51.22,-55.95,0.7,0.55,0.73,0.3,0.54,0.78,1.0,-1.0,-1.0,0.0
469.0,0.39,0.7,0.55,0.73,0.3,0.54,0.78,2.49,1.77,-0.44,40.64,-49.86,-54.23,0.68,0.57,0.73,0.31,0.55,0.78,1.0,-1.0,-1.0,0.0
470.0,0.4,0.68,0.57,0.73,0.31,0.55,0.78,2.0,1.78,-0.49,33.33,-49.04,-51.39,0.67,0.59,0.73,0.32,0.56,0.77,1.0,-1.0,-1.0,0.0
471.0,0.41,0.67,0.59,0.73,0.32,0.56,0.77,1.04,1.76,-0.47,27.3,-48.43,-46.43,0.68,0.62,0.72,0.33,0.56,0.77,1.0,-1.0,-1.0,0.0
472.0,0.42,0.68,0.62,0.72,0.33,0.56,0.77,-0.1,1.79,-0.4,30.89,-47.9,-43.76,0.71,0.62,0.72,0.34,0.57,0.76,1.0,-1.0,-1.0,0.0
473.0,0.43,0.71,0.62,0.72,0.34,0.57,0.76,-1.01,1.88,-0.59,36.02,-45.6,-44.77,0.73,0.59,0.72,0.35,0.58,0.76,1.0,-1.0,-1.0,0.0
474.0,0.44,0.73,0.59,0.72,0.35,0.58,0.76,-1.73,1.96,-1.0,34.69,-42.13,-43.52,0.72,0.56,0.72,0.36,0.59,0.75,1.0,-1.0,-1.0,0.0
475.0,0.45,0.72,0.56,0.72,0.36,0.59,0.75,-2.37,2.09,-1.36,26.82,-36.89,-42.56,0.7,0.54,0.71,0.37,0.59,0.74,1.0,-1.0,-1.0,0.0
476.0,0.46,0.7,0.54,0.71,0.37,0.59,0.74,-3.51,2.28,-1.67,20.27,-33.17,-43.36,0.67,0.54,0.7,0.38,0.59,0.73,1.0,-1.0,-1.0,0.0
477.0,0.47,0.67,0.54,0.7,0.38,0.59,0.73,-4.68,2.46,-2.12,30.61,-42.55,-44.79,0.64,0.54,0.7,0.39,0.58,0.72,1.0,-1.0,-1.0,0.0
478.0,0.48,0.64,0.54,0.7,0.39,0.58,0.72,-4.85,2.55,-2.19,34.12,-45.35,-44.3,0.61,0.54,0.69,0.39,0.58,0.71,1.0,-1.0,-1.0,0.0
479.0,0.49,0.61,0.54,0.69,0.39,0.58,0.71,-4.94,2.64,-2.25,36.41,-47.29,-44.16,0.58,0.54,0.68,0.4,0.57,0.7,1.0,-1.0,-1.0,0.0
480.0,0.5,0.58,0.54,0.68,0.4,0.57,0.7,-5.06,2.73,-2.3,38.62,-49.11,-44.66,0.55,0.54,0.67,0.4,0.56,0.7,1.0,-1.0,-1.0,0.0
481.0,0.51,0.55,0.54,0.67,0.4,0.56,0.7,-5.22,2.85,-2.35,40.81,-50.79,-45.56,0.52,0.54,0.66,0.4,0.56,0.69,1.0,-1.0,-1.0,0.0
482.0,0.52,0.52,0.54,0.66,0.4,0.56,0.69,-5.43,3.0,-2.41,42.75,-52.24,-46.35,0.49,0.54,0.65,0.4,0.55,0.68,1.0,-1.0,-1.0,0.0
483.0,0.53,0.49,0.54,0.65,0.4,0.55,0.68,-5.66,3.2,-2.49,44.14,-53.33,-46.61,0.46,0.54,0.64,0.4,0.54,0.68,1.0,-1.0,-1.0,0.0
484.0,0.54,0.46,0.54,0.64,0.4,0.54,0.68,-5.86,3.4,-2.6,44.87,-53.99,-46.28,0.43,0.54,0.63,0.4,0.53,0.67,1.0,-1.0,-1.0,0.0
485.0,0.55,0.43,0.54,0.63,0.4,0.53,0.67,-5.96,3.38,-2.7,45.24,-54.22,-46.03,0.4,0.54,0.62,0.4,0.52,0.67,1.0,-1.0,-1.0,0.0
486.0,0.56,0.4,0.54,0.62,0.4,0.52,0.67,-6.0,3.33,-2.82,45.52,-54.1,-45.96,0.37,0.54,0.61,0.4,0.51,0.66,1.0,-1.0,-1.0,0.0
487.0,0.57,0.37,0.54,0.61,0.4,0.51,0.66,-5.98,3.23,-2.95,45.91,-53.68,-46.28,0.34,0.54,0.6,0.4,0.5,0.66,1.0,-1.0,-1.0,0.0
488.0,0.58,0.34,0.54,0.6,0.4,0.5,0.66,-5.92,3.09,-3.1,46.41,-52.98,-46.82,0.31,0.54,0.59,0.4,0.49,0.66,1.0,-1.0,-1.0,0.0
489.0,0.59,0.31,0.54,0.59,0.4,0.49,0.66,-5.81,2.78,-3.25,46.94,-52.13,-47.29,0.28,0.54,0.58,0.41,0.48,0.66,1.0,-1.0,-1.0,0.0
490.0,0.6,0.28,0.54,0.58,0.41,0.48,0.66,-5.55,1.91,-3.27,47.4,-51.81,-47.81,0.25,0.54,0.58,0.42,0.47,0.66,1.0,-1.0,-1.0,0.0
491.0,0.61,0.25,0.54,0.58,0.42,0.47,0.66,-5.13,-0.27,-3.18,47.75,-52.21,-48.68,0.22,0.54,0.59,0.41,0.46,0.66,1.0,-1.0,-1.0,0.0
492.0,0.62,0.22,0.54,0.59,0.41,0.46,0.66,-4.6,-2.61,-3.37,43.68,-50.37,-46.97,0.19,0.54,0.58,0.41,0.45,0.66,1.0,-1.0,-1.0,0.0
493.0,0.63,0.19,0.54,0.58,0.41,0.45,0.66,-4.13,-3.24,-4.01,41.64,-47.4,-45.78,0.16,0.54,0.57,0.41,0.44,0.66,1.0,-1.0,-1.0,0.0
494.0,0.64,0.16,0.54,0.57,0.41,0.44,0.66,-3.84,-3.2,-4.19,41.61,-46.94,-45.79,0.13,0.54,0.56,0.41,0.43,0.66,1.0,-1.0,-1.0,0.0
495.0,0.65,0.13,0.54,0.56,0.41,0.43,0.66,-3.54,-3.14,-4.22,41.2,-46.99,-45.65,0.1,0.54,0.55,0.41,0.42,0.66,1.0,-1.0,-1.0,0.0
496.0,0.66,0.1,0.54,0.55,0.41,0.42,0.66,-3.2,-3.07,-4.24,40.94,-47.06,-45.52,0.07,0.54,0.54,0.41,0.41,0.66,1.0,-1.0,-1.0,0.0
497.0,0.67,0.07,0.54,0.54,0.41,0.41,0.66,-2.84,-3.01,-4.25,40.63,-47.15,-45.25,0.04,0.53,0.53,0.41,0.4,0.66,1.0,-1.0,-1.0,0.0
498.0,0.68,0.04,0.53,0.53,0.41,0.4,0.66,-2.11,-2.87,-4.14,40.61,-47.22,-44.73,0.03,0.51,0.52,0.4,0.39,0.66,1.0,-1.0,-1.0,0.0
499.0,0.69,0.03,0.51,0.52,0.4,0.39,0.66,-0.98,-2.66,-3.82,40.46,-47.16,-43.24,0.05,0.48,0.51,0.4,0.38,0.66,1.0,-1.0,-1.0,0.0
